,1.00E-07,1.00E-06,1.00E-05,0.0001,0.001,0.01,0.1,1,10,100
0,-0.077415407,-0.077415407,-0.077415407,-0.077415407,-0.077415407,-0.077415407,-0.077415407,-0.077415407,-0.077415407,-0.077415407
1,-0.077415399,-0.077415407,-0.077415407,-0.077415407,-0.077415407,-0.077415392,-0.07741528,-0.043679055,-0.003328333,0
2,-0.077415407,-0.077415399,-0.077415407,-0.077415407,-0.077415392,-0.077415377,-0.07741449,-0.034761138,0,0
3,-0.077415407,-0.077415407,-0.077415407,-0.077415407,-0.077415392,-0.077415362,-0.062085494,-0.008300211,0,0
4,-0.077415407,-0.077415407,-0.077415407,-0.077415407,-0.077415392,-0.077415355,-0.040556345,-0.01816161,0,0
5,-0.077415407,-0.077415407,-0.077415407,-0.077415407,-0.077415392,-0.077415347,-0.039405879,-0.001520226,0,0
6,-0.077415407,-0.077415407,-0.077415407,-0.077415407,-0.077415392,-0.077415332,-0.037104934,-4.11E-05,0,0
7,-0.077415407,-0.077415399,-0.077415407,-0.077415407,-0.077415392,-0.07741531,-0.037104886,-4.11E-05,0,0
8,-0.077415407,-0.077415399,-0.077415407,-0.077415407,-0.077415392,-0.077415295,-0.037104808,-4.11E-05,0,0
9,-0.077415399,-0.077415407,-0.077415407,-0.077415407,-0.077415392,-0.077415273,-0.03710454,-4.11E-05,0,0
10,-0.077415407,-0.077415407,-0.077415407,-0.077415407,-0.077415392,-0.077415243,-0.036241792,-4.11E-05,0,0
11,-0.077415407,-0.077415407,-0.077415407,-0.077415407,-0.077415392,-0.077415213,-0.036241617,-4.11E-05,0,0
12,-0.077415399,-0.077415407,-0.077415407,-0.077415407,-0.077415392,-0.077415168,-0.035419848,-4.11E-05,0,0
13,-0.077415407,-0.077415407,-0.077415407,-0.077415407,-0.077415384,-0.077415124,-0.035419323,-4.11E-05,0,0
14,-0.077415399,-0.077415407,-0.077415407,-0.077415407,-0.077415384,-0.077415034,-0.030694246,-4.11E-05,0,0
15,-0.077415407,-0.077415407,-0.077415407,-0.077415407,-0.077415384,-0.077414893,-0.030693427,-4.11E-05,0,0
16,-0.077415399,-0.077415407,-0.077415407,-0.077415407,-0.077415384,-0.077414453,-0.015898008,-4.11E-05,0,0
17,-0.077415407,-0.077415407,-0.077415407,-0.077415392,-0.077415377,-0.062088318,-0.008957561,-4.11E-05,0,0
18,-0.077415407,-0.077415399,-0.077415407,-0.077415392,-0.077415377,-0.062088311,-0.008957196,-4.11E-05,0,0
19,-0.077415399,-0.077415407,-0.077415407,-0.077415392,-0.077415377,-0.062088311,-0.008300263,-4.11E-05,0,0
20,-0.077415399,-0.077415407,-0.077415407,-0.077415392,-0.077415377,-0.062088296,-0.008300254,-4.11E-05,0,0
21,-0.077415399,-0.077415407,-0.077415407,-0.077415392,-0.077415377,-0.062088292,-0.008300243,-4.11E-05,0,0
22,-0.077415399,-0.077415407,-0.077415407,-0.077415392,-0.077415377,-0.062088288,-0.008300234,-4.11E-05,0,0
23,-0.077415407,-0.077415407,-0.077415407,-0.077415392,-0.077415377,-0.062088277,-0.008300219,-4.11E-05,0,0
24,-0.077415407,-0.077415407,-0.077415407,-0.077415392,-0.077415369,-0.062088266,-0.008300204,-4.11E-05,0,0
25,-0.077415407,-0.077415407,-0.077415407,-0.077415392,-0.077415369,-0.062088259,-0.008300181,-4.11E-05,0,0
26,-0.077415407,-0.077415407,-0.077415407,-0.077415392,-0.077415369,-0.062088251,-0.008300147,-4.11E-05,0,0
27,-0.077415399,-0.077415407,-0.077415407,-0.077415392,-0.077415369,-0.062088244,-0.008300088,-4.11E-05,0,0
28,-0.077415407,-0.077415407,-0.077415407,-0.077415392,-0.077415369,-0.062088236,-0.008299328,-4.11E-05,0,0
29,-0.077415407,-0.077415407,-0.077415407,-0.077415392,-0.077415369,-0.062088225,-0.018160667,-4.11E-05,0,0
30,-0.077415407,-0.077415407,-0.077415407,-0.077415392,-0.077415362,-0.062088218,-0.006655931,-4.11E-05,0,0
31,-0.077415407,-0.077415407,-0.077415407,-0.077415392,-0.077415362,-0.062088206,-0.004806764,-4.11E-05,0,0
32,-0.077415407,-0.077415407,-0.077415407,-0.077415392,-0.077415362,-0.062088188,-0.002506344,-4.11E-05,0,0
33,-0.077415399,-0.077415407,-0.077415407,-0.077415392,-0.077415362,-0.06208818,-0.002506282,-4.11E-05,0,0
34,-0.077415399,-0.077415407,-0.077415407,-0.077415392,-0.077415362,-0.062088169,-0.0025061,-4.11E-05,0,0
35,-0.077415407,-0.077415407,-0.077415407,-0.077415392,-0.077415362,-0.062088162,-0.001027239,0,0,0
36,-0.077415407,-0.077415407,-0.077415407,-0.077415392,-0.077415362,-0.062088147,-0.001027238,0,0,0
37,-0.077415407,-0.077415407,-0.077415407,-0.077415392,-0.077415362,-0.062088124,-0.001027237,0,0,0
38,-0.077415407,-0.077415407,-0.077415407,-0.077415392,-0.077415362,-0.062088102,-0.001027235,0,0,0
39,-0.077415399,-0.077415407,-0.077415407,-0.077415392,-0.077415362,-0.062088087,-0.001027234,0,0,0
40,-0.077415407,-0.077415407,-0.077415407,-0.077415392,-0.077415355,-0.062088065,-0.001027232,0,0,0
41,-0.077415399,-0.077415407,-0.077415407,-0.077415392,-0.077415355,-0.062088042,-0.00102723,0,0,0
42,-0.077415407,-0.077415407,-0.077415407,-0.077415392,-0.077415355,-0.062088013,-0.001027227,0,0,0
43,-0.077415407,-0.077415407,-0.077415407,-0.077415392,-0.077415355,-0.062087975,-0.001027224,0,0,0
44,-0.077415407,-0.077415407,-0.077415407,-0.077415392,-0.077415355,-0.062087927,-0.001027221,0,0,0
45,-0.077415399,-0.077415407,-0.077415407,-0.077415392,-0.077415355,-0.062087856,-0.001027218,0,0,0
46,-0.077415407,-0.077415407,-0.077415407,-0.077415392,-0.077415347,-0.062087752,-0.001027213,0,0,0
47,-0.077415399,-0.077415407,-0.077415407,-0.077415392,-0.077415347,-0.062087473,-0.001027207,0,0,0
48,-0.077415407,-0.077415407,-0.077415407,-0.077415392,-0.077415347,-0.05978692,-0.0010272,0,0,0
49,-0.077415407,-0.077415407,-0.077415407,-0.077415392,-0.077415347,-0.059786897,-0.00102719,0,0,0
50,-0.077415407,-0.077415407,-0.077415407,-0.077415392,-0.077415347,-0.059786871,-0.001027176,0,0,0
51,-0.077415399,-0.077415407,-0.077415407,-0.077415392,-0.077415347,-0.059786849,-0.001027152,0,0,0
52,-0.077415407,-0.077415407,-0.077415407,-0.077415392,-0.07741534,-0.059786815,-0.001027102,0,0,0
53,-0.077415399,-0.077415407,-0.077415407,-0.077415392,-0.07741534,-0.059786782,-0.001026896,0,0,0
54,-0.077415399,-0.077415407,-0.077415407,-0.077415392,-0.07741534,-0.05978673,-4.11E-05,0,0,0
55,-0.077415399,-0.077415407,-0.077415407,-0.077415392,-0.077415332,-0.059786677,-4.11E-05,0,0,0
56,-0.077415407,-0.077415407,-0.077415407,-0.077415392,-0.077415332,-0.059786618,-4.11E-05,0,0,0
57,-0.077415399,-0.077415407,-0.077415407,-0.077415392,-0.077415332,-0.059786525,-4.11E-05,0,0,0
58,-0.077415407,-0.077415407,-0.077415407,-0.077415392,-0.077415332,-0.059786398,-4.11E-05,0,0,0
59,-0.077415407,-0.077415407,-0.077415407,-0.077415392,-0.077415332,-0.059786193,-4.11E-05,0,0,0
60,-0.077415407,-0.077415407,-0.077415407,-0.077415392,-0.077415325,-0.059785746,-4.11E-05,0,0,0
61,-0.077415399,-0.077415407,-0.077415407,-0.077415392,-0.077415325,-0.059782125,-4.11E-05,0,0,0
62,-0.077415407,-0.077415407,-0.077415407,-0.077415392,-0.077415325,-0.048462152,-4.11E-05,0,0,0
63,-0.077415407,-0.077415407,-0.077415407,-0.077415392,-0.077415325,-0.03825511,-4.11E-05,0,0,0
64,-0.077415407,-0.077415407,-0.077415407,-0.077415392,-0.077415325,-0.038254987,-4.11E-05,0,0,0
65,-0.077415399,-0.077415407,-0.077415407,-0.077415392,-0.077415325,-0.038254637,-4.11E-05,0,0,0
66,-0.077415407,-0.077415407,-0.077415407,-0.077415392,-0.077415325,-0.03710492,-4.11E-05,0,0,0
67,-0.077415407,-0.077415407,-0.077415407,-0.077415392,-0.077415317,-0.037104912,-4.11E-05,0,0,0
68,-0.077415407,-0.077415407,-0.077415407,-0.077415392,-0.077415317,-0.037104912,-4.11E-05,0,0,0
69,-0.077415399,-0.077415407,-0.077415407,-0.077415392,-0.07741531,-0.037104905,-4.11E-05,0,0,0
70,-0.077415399,-0.077415407,-0.077415407,-0.077415392,-0.07741531,-0.037104897,-4.11E-05,0,0,0
71,-0.077415407,-0.077415407,-0.077415407,-0.077415392,-0.07741531,-0.037104893,-4.11E-05,0,0,0
72,-0.077415399,-0.077415407,-0.077415407,-0.077415392,-0.07741531,-0.03710489,-4.11E-05,0,0,0
73,-0.077415407,-0.077415407,-0.077415407,-0.077415392,-0.077415302,-0.037104882,-4.11E-05,0,0,0
74,-0.077415407,-0.077415407,-0.077415407,-0.077415392,-0.077415302,-0.037104875,-4.11E-05,0,0,0
75,-0.077415399,-0.077415407,-0.077415407,-0.077415392,-0.077415302,-0.037104871,-4.11E-05,0,0,0
76,-0.077415399,-0.077415407,-0.077415407,-0.077415392,-0.077415295,-0.037104864,-4.11E-05,0,0,0
77,-0.077415407,-0.077415407,-0.077415407,-0.077415392,-0.077415302,-0.03710486,-4.11E-05,0,0,0
78,-0.077415407,-0.077415407,-0.077415407,-0.077415392,-0.077415302,-0.037104849,-4.11E-05,0,0,0
79,-0.077415407,-0.077415407,-0.077415407,-0.077415392,-0.077415302,-0.037104845,-4.11E-05,0,0,0
80,-0.077415399,-0.077415407,-0.077415407,-0.077415392,-0.077415287,-0.037104834,-4.11E-05,0,0,0
81,-0.077415407,-0.077415407,-0.077415407,-0.077415392,-0.077415287,-0.037104823,-4.11E-05,0,0,0
82,-0.077415399,-0.077415407,-0.077415407,-0.077415392,-0.077415287,-0.037104815,-4.11E-05,0,0,0
83,-0.077415407,-0.077415407,-0.077415407,-0.077415392,-0.077415287,-0.037104804,-4.11E-05,0,0,0
84,-0.077415399,-0.077415407,-0.077415407,-0.077415392,-0.077415287,-0.037104797,-4.11E-05,0,0,0
85,-0.077415407,-0.077415407,-0.077415407,-0.077415392,-0.07741528,-0.037104785,-4.11E-05,0,0,0
86,-0.077415399,-0.077415407,-0.077415407,-0.077415392,-0.07741528,-0.037104771,-4.11E-05,0,0,0
87,-0.077415407,-0.077415407,-0.077415407,-0.077415392,-0.077415273,-0.037104759,-4.11E-05,0,0,0
88,-0.077415407,-0.077415407,-0.077415407,-0.077415392,-0.077415273,-0.037104741,-4.11E-05,0,0,0
89,-0.077415407,-0.077415407,-0.077415407,-0.077415392,-0.077415273,-0.037104726,-4.11E-05,0,0,0
90,-0.077415407,-0.077415407,-0.077415407,-0.077415392,-0.077415273,-0.037104703,-4.11E-05,0,0,0
91,-0.077415399,-0.077415407,-0.077415407,-0.077415392,-0.077415265,-0.037104674,-4.11E-05,0,0,0
92,-0.077415399,-0.077415407,-0.077415407,-0.077415392,-0.077415265,-0.037104644,-4.11E-05,0,0,0
93,-0.077415407,-0.077415407,-0.077415407,-0.077415392,-0.077415258,-0.037104603,-4.11E-05,0,0,0
94,-0.077415407,-0.077415407,-0.077415407,-0.077415392,-0.077415258,-0.037104536,-4.11E-05,0,0,0
95,-0.077415407,-0.077415407,-0.077415407,-0.077415392,-0.077415258,-0.037104402,-4.11E-05,0,0,0
96,-0.077415407,-0.077415407,-0.077415407,-0.077415392,-0.07741525,-0.037103873,-4.11E-05,0,0,0
97,-0.077415399,-0.077415407,-0.077415407,-0.077415392,-0.07741525,-0.036282986,-4.11E-05,0,0,0
98,-0.077415399,-0.077415407,-0.077415407,-0.077415392,-0.077415243,-0.036282972,-4.11E-05,0,0,0
99,-0.077415407,-0.077415407,-0.077415407,-0.077415392,-0.077415243,-0.036282953,-4.11E-05,0,0,0
100,-0.077415407,-0.077415407,-0.077415407,-0.077415392,-0.077415243,-0.036282934,-4.11E-05,0,0,0
101,-0.077415399,-0.077415407,-0.077415407,-0.077415392,-0.077415235,-0.036282916,-4.11E-05,0,0,0
102,-0.077415407,-0.077415407,-0.077415407,-0.077415392,-0.077415235,-0.03628289,-4.11E-05,0,0,0
103,-0.077415407,-0.077415407,-0.077415407,-0.077415392,-0.077415228,-0.036282852,-4.11E-05,0,0,0
104,-0.077415407,-0.077415407,-0.077415407,-0.077415392,-0.077415228,-0.036282793,-4.11E-05,0,0,0
105,-0.077415399,-0.077415407,-0.077415407,-0.077415392,-0.077415228,-0.0362827,-4.11E-05,0,0,0
106,-0.077415407,-0.077415407,-0.077415407,-0.077415392,-0.077415213,-0.036282428,-4.11E-05,0,0,0
107,-0.077415399,-0.077415407,-0.077415407,-0.077415392,-0.07741522,-0.035420075,-4.11E-05,0,0,0
108,-0.077415407,-0.077415407,-0.077415407,-0.077415392,-0.077415213,-0.035420064,-4.11E-05,0,0,0
109,-0.077415407,-0.077415407,-0.077415407,-0.077415392,-0.077415213,-0.03542006,-4.11E-05,0,0,0
110,-0.077415399,-0.077415407,-0.077415407,-0.077415392,-0.077415198,-0.035420053,-4.11E-05,0,0,0
111,-0.077415407,-0.077415407,-0.077415407,-0.077415392,-0.077415198,-0.035420045,-4.11E-05,0,0,0
112,-0.077415407,-0.077415407,-0.077415407,-0.077415392,-0.077415198,-0.035420034,-4.11E-05,0,0,0
113,-0.077415399,-0.077415407,-0.077415407,-0.077415392,-0.077415191,-0.035420027,-4.11E-05,0,0,0
114,-0.077415399,-0.077415407,-0.077415407,-0.077415392,-0.077415183,-0.035420019,-4.11E-05,0,0,0
115,-0.077415407,-0.077415407,-0.077415407,-0.077415392,-0.077415183,-0.035420004,-4.11E-05,0,0,0
116,-0.077415407,-0.077415407,-0.077415407,-0.077415392,-0.077415183,-0.035419993,-4.11E-05,0,0,0
117,-0.077415407,-0.077415407,-0.077415407,-0.077415392,-0.077415168,-0.035419989,-4.11E-05,0,0,0
118,-0.077415407,-0.077415407,-0.077415407,-0.077415392,-0.077415168,-0.035419978,-4.11E-05,0,0,0
119,-0.077415407,-0.077415407,-0.077415407,-0.077415392,-0.077415168,-0.035419967,-4.11E-05,0,0,0
120,-0.077415407,-0.077415407,-0.077415407,-0.077415392,-0.077415153,-0.035419952,-4.11E-05,0,0,0
121,-0.077415407,-0.077415407,-0.077415407,-0.077415392,-0.077415161,-0.035419941,-4.11E-05,0,0,0
122,-0.077415399,-0.077415407,-0.077415407,-0.077415392,-0.077415153,-0.035419933,-4.11E-05,0,0,0
123,-0.077415407,-0.077415407,-0.077415407,-0.077415392,-0.077415146,-0.035419915,-4.11E-05,0,0,0
124,-0.077415407,-0.077415407,-0.077415407,-0.077415392,-0.077415138,-0.0354199,-4.11E-05,0,0,0
125,-0.077415399,-0.077415407,-0.077415407,-0.077415392,-0.077415131,-0.035419881,-4.11E-05,0,0,0
126,-0.077415407,-0.077415407,-0.077415407,-0.077415392,-0.077415131,-0.035419866,-4.11E-05,0,0,0
127,-0.077415407,-0.077415407,-0.077415407,-0.077415392,-0.077415124,-0.035419844,-4.11E-05,0,0,0
128,-0.077415399,-0.077415407,-0.077415407,-0.077415392,-0.077415116,-0.035419829,-4.11E-05,0,0,0
129,-0.077415399,-0.077415407,-0.077415407,-0.077415384,-0.077415109,-0.035419807,-4.11E-05,0,0,0
130,-0.077415407,-0.077415407,-0.077415407,-0.077415384,-0.077415101,-0.035419781,-4.11E-05,0,0,0
131,-0.077415407,-0.077415407,-0.077415407,-0.077415384,-0.077415094,-0.035419755,-4.11E-05,0,0,0
132,-0.077415407,-0.077415407,-0.077415407,-0.077415384,-0.077415086,-0.035419725,-4.11E-05,0,0,0
133,-0.077415407,-0.077415407,-0.077415407,-0.077415384,-0.077415079,-0.035419695,-4.11E-05,0,0,0
134,-0.077415407,-0.077415407,-0.077415407,-0.077415384,-0.077415064,-0.035419665,-4.11E-05,0,0,0
135,-0.077415407,-0.077415407,-0.077415407,-0.077415384,-0.077415049,-0.035419621,-4.11E-05,0,0,0
136,-0.077415407,-0.077415407,-0.077415407,-0.077415384,-0.077415042,-0.035419576,-4.11E-05,0,0,0
137,-0.077415407,-0.077415407,-0.077415407,-0.077415384,-0.077415034,-0.035419524,-4.11E-05,0,0,0
138,-0.077415407,-0.077415407,-0.077415407,-0.077415384,-0.077415019,-0.035419457,-4.11E-05,0,0,0
139,-0.077415407,-0.077415407,-0.077415407,-0.077415384,-0.077415004,-0.035419375,-4.11E-05,0,0,0
140,-0.077415407,-0.077415407,-0.077415407,-0.077415384,-0.077414989,-0.035419274,-4.11E-05,0,0,0
141,-0.077415407,-0.077415407,-0.077415407,-0.077415384,-0.077414975,-0.035419129,-4.11E-05,0,0,0
142,-0.077415407,-0.077415407,-0.077415407,-0.077415384,-0.07741496,-0.035418905,-4.11E-05,0,0,0
143,-0.077415407,-0.077415407,-0.077415407,-0.077415384,-0.077414945,-0.035418462,-4.11E-05,0,0,0
144,-0.077415407,-0.077415407,-0.077415407,-0.077415384,-0.077414915,-0.035416275,-4.11E-05,0,0,0
145,-0.077415407,-0.077415407,-0.077415407,-0.077415384,-0.0774149,-0.018983642,-4.11E-05,0,0,0
146,-0.077415407,-0.077415407,-0.077415407,-0.077415384,-0.07741487,-0.018983487,-4.11E-05,0,0,0
147,-0.077415407,-0.077415407,-0.077415407,-0.077415384,-0.07741484,-0.018983349,-4.11E-05,0,0,0
148,-0.077415407,-0.077415407,-0.077415407,-0.077415384,-0.077414811,-0.018983167,-4.11E-05,0,0,0
149,-0.077415407,-0.077415407,-0.077415407,-0.077415384,-0.077414781,-0.018982824,-4.11E-05,0,0,0
150,-0.077415407,-0.077415407,-0.077415407,-0.077415384,-0.077414721,-0.018981144,-4.11E-05,0,0,0
151,-0.077415407,-0.077415407,-0.077415407,-0.077415384,-0.077414669,-0.012742282,-4.11E-05,0,0,0
152,-0.077415407,-0.077415407,-0.077415407,-0.077415384,-0.077414602,-0.026539132,-4.11E-05,0,0,0
153,-0.077415407,-0.077415407,-0.077415407,-0.077415384,-0.077414513,-0.01273842,-4.11E-05,0,0,0
154,-0.077415407,-0.077415407,-0.077415407,-0.077415384,-0.077414401,-0.012737615,-4.11E-05,0,0,0
155,-0.077415407,-0.077415407,-0.077415407,-0.077415384,-0.077414222,-0.012736546,-4.11E-05,0,0,0
156,-0.077415407,-0.077415407,-0.077415407,-0.077415384,-0.077413931,-0.008012664,-4.11E-05,0,0,0
157,-0.077415407,-0.077415407,-0.077415407,-0.077415384,-0.077413313,-0.008012617,-4.11E-05,0,0,0
158,-0.077415407,-0.077415407,-0.077415407,-0.077415384,-0.077410378,-0.008012582,-4.11E-05,0,0,0
159,-0.077415407,-0.077415407,-0.077415407,-0.077415384,-0.062088322,-0.008012552,-4.11E-05,0,0,0
160,-0.077415407,-0.077415407,-0.077415407,-0.077415384,-0.062088318,-0.008012526,-4.11E-05,0,0,0
161,-0.077415399,-0.077415407,-0.077415407,-0.077415384,-0.062088318,-0.008012498,-4.11E-05,0,0,0
162,-0.077415407,-0.077415407,-0.077415407,-0.077415384,-0.062088314,-0.008012475,-4.11E-05,0,0,0
163,-0.077415407,-0.077415407,-0.077415407,-0.077415384,-0.062088314,-0.008012451,-4.11E-05,0,0,0
164,-0.077415407,-0.077415407,-0.077415407,-0.077415384,-0.062088314,-0.008012424,-4.11E-05,0,0,0
165,-0.077415407,-0.077415407,-0.077415407,-0.077415377,-0.062088314,-0.008012399,-4.11E-05,0,0,0
166,-0.077415399,-0.077415407,-0.077415407,-0.077415377,-0.062088314,-0.008012369,-4.11E-05,0,0,0
167,-0.077415399,-0.077415407,-0.077415392,-0.077415377,-0.062088314,-0.008012335,-4.11E-05,0,0,0
168,-0.077415407,-0.077415407,-0.077415392,-0.077415377,-0.062088314,-0.008012297,-4.11E-05,0,0,0
169,-0.077415407,-0.077415407,-0.077415392,-0.077415377,-0.062088314,-0.008012248,-4.11E-05,0,0,0
170,-0.077415407,-0.077415407,-0.077415392,-0.077415377,-0.062088314,-0.008012179,-4.11E-05,0,0,0
171,-0.077415407,-0.077415407,-0.077415392,-0.077415377,-0.062088314,-0.008012079,-4.11E-05,0,0,0
172,-0.077415407,-0.077415407,-0.077415392,-0.077415377,-0.062088311,-0.008011905,-4.11E-05,0,0,0
173,-0.077415407,-0.077415407,-0.077415392,-0.077415377,-0.062088303,-0.008011456,-4.11E-05,0,0,0
174,-0.077415407,-0.077415407,-0.077415392,-0.077415377,-0.062088303,-0.007903297,-4.11E-05,0,0,0
175,-0.077415407,-0.077415407,-0.077415392,-0.077415377,-0.062088303,-0.008957624,-4.11E-05,0,0,0
176,-0.077415407,-0.077415407,-0.077415392,-0.077415377,-0.062088303,-0.008957621,-4.11E-05,0,0,0
177,-0.077415407,-0.077415407,-0.077415392,-0.077415377,-0.062088303,-0.008957615,-4.11E-05,0,0,0
178,-0.077415407,-0.077415407,-0.077415392,-0.077415377,-0.062088303,-0.008957607,-4.11E-05,0,0,0
179,-0.077415407,-0.077415407,-0.077415392,-0.077415377,-0.062088303,-0.008957598,-4.11E-05,0,0,0
180,-0.077415399,-0.077415407,-0.077415392,-0.077415377,-0.062088303,-0.008957589,-4.11E-05,0,0,0
181,-0.077415399,-0.077415407,-0.077415392,-0.077415377,-0.062088303,-0.008957577,-4.11E-05,0,0,0
182,-0.077415407,-0.077415407,-0.077415392,-0.077415377,-0.062088303,-0.008957563,-4.11E-05,0,0,0
183,-0.077415407,-0.077415407,-0.077415392,-0.077415377,-0.062088303,-0.008957546,-4.11E-05,0,0,0
184,-0.077415407,-0.077415407,-0.077415392,-0.077415377,-0.062088303,-0.008957526,-4.11E-05,0,0,0
185,-0.077415407,-0.077415407,-0.077415392,-0.077415377,-0.062088303,-0.008957496,-4.11E-05,0,0,0
186,-0.077415407,-0.077415407,-0.077415392,-0.077415377,-0.062088303,-0.008957453,-4.11E-05,0,0,0
187,-0.077415407,-0.077415407,-0.077415392,-0.077415377,-0.062088303,-0.008957378,-4.11E-05,0,0,0
188,-0.077415407,-0.077415407,-0.077415392,-0.077415377,-0.062088303,-0.008957214,-4.11E-05,0,0,0
189,-0.077415407,-0.077415407,-0.077415392,-0.077415377,-0.0620883,-0.008956349,-4.11E-05,0,0,0
190,-0.077415407,-0.077415407,-0.077415392,-0.077415377,-0.0620883,-0.00830029,-4.11E-05,0,0,0
191,-0.077415407,-0.077415407,-0.077415392,-0.077415377,-0.0620883,-0.008300288,-4.11E-05,0,0,0
192,-0.077415407,-0.077415407,-0.077415392,-0.077415377,-0.0620883,-0.00830029,-4.11E-05,0,0,0
193,-0.077415407,-0.077415407,-0.077415392,-0.077415377,-0.0620883,-0.00830029,-4.11E-05,0,0,0
194,-0.077415407,-0.077415407,-0.077415392,-0.077415377,-0.062088296,-0.008300286,-4.11E-05,0,0,0
195,-0.077415407,-0.077415407,-0.077415392,-0.077415377,-0.062088296,-0.008300286,-4.11E-05,0,0,0
196,-0.077415407,-0.077415407,-0.077415392,-0.077415377,-0.062088296,-0.008300288,-4.11E-05,0,0,0
197,-0.077415407,-0.077415407,-0.077415392,-0.077415377,-0.062088296,-0.008300285,-4.11E-05,0,0,0
198,-0.077415407,-0.077415407,-0.077415392,-0.077415377,-0.062088296,-0.008300284,-4.11E-05,0,0,0
199,-0.077415407,-0.077415407,-0.077415392,-0.077415377,-0.062088292,-0.008300284,-4.11E-05,0,0,0
200,-0.077415407,-0.077415407,-0.077415392,-0.077415377,-0.062088292,-0.008300284,-4.11E-05,0,0,0
201,-0.077415407,-0.077415407,-0.077415392,-0.077415377,-0.062088296,-0.008300284,-4.11E-05,0,0,0
202,-0.077415407,-0.077415407,-0.077415392,-0.077415377,-0.062088296,-0.008300285,-4.11E-05,0,0,0
203,-0.077415407,-0.077415407,-0.077415392,-0.077415377,-0.062088288,-0.008300282,-4.11E-05,0,0,0
204,-0.077415399,-0.077415407,-0.077415392,-0.077415377,-0.062088288,-0.00830028,-4.11E-05,0,0,0
205,-0.077415399,-0.077415407,-0.077415392,-0.077415377,-0.062088288,-0.008300278,-4.11E-05,0,0,0
206,-0.077415407,-0.077415407,-0.077415392,-0.077415377,-0.062088288,-0.008300278,-4.11E-05,0,0,0
207,-0.077415407,-0.077415407,-0.077415392,-0.077415377,-0.062088285,-0.008300278,-4.11E-05,0,0,0
208,-0.077415407,-0.077415407,-0.077415392,-0.077415377,-0.062088285,-0.008300276,-4.11E-05,0,0,0
209,-0.077415407,-0.077415407,-0.077415392,-0.077415377,-0.062088281,-0.008300276,-4.11E-05,0,0,0
210,-0.077415407,-0.077415407,-0.077415392,-0.077415377,-0.062088281,-0.008300276,-4.11E-05,0,0,0
211,-0.077415407,-0.077415407,-0.077415392,-0.077415377,-0.062088285,-0.008300275,-4.11E-05,0,0,0
212,-0.077415407,-0.077415407,-0.077415392,-0.077415377,-0.062088281,-0.008300275,-4.11E-05,0,0,0
213,-0.077415407,-0.077415407,-0.077415392,-0.077415377,-0.062088281,-0.008300275,-4.11E-05,0,0,0
214,-0.077415407,-0.077415407,-0.077415392,-0.077415377,-0.062088281,-0.008300275,-4.11E-05,0,0,0
215,-0.077415407,-0.077415407,-0.077415392,-0.077415377,-0.062088281,-0.008300271,-4.11E-05,0,0,0
216,-0.077415407,-0.077415407,-0.077415392,-0.077415377,-0.062088281,-0.008300271,-4.11E-05,0,0,0
217,-0.077415407,-0.077415407,-0.077415392,-0.077415377,-0.062088281,-0.008300271,-4.11E-05,0,0,0
218,-0.077415407,-0.077415407,-0.077415392,-0.077415377,-0.062088281,-0.008300271,-4.11E-05,0,0,0
219,-0.077415407,-0.077415407,-0.077415392,-0.077415377,-0.062088281,-0.008300269,-4.11E-05,0,0,0
220,-0.077415407,-0.077415407,-0.077415392,-0.077415377,-0.062088281,-0.008300269,-4.11E-05,0,0,0
221,-0.077415407,-0.077415407,-0.077415392,-0.077415377,-0.062088277,-0.008300268,-4.11E-05,0,0,0
222,-0.077415407,-0.077415407,-0.077415392,-0.077415377,-0.062088277,-0.008300267,-4.11E-05,0,0,0
223,-0.077415407,-0.077415407,-0.077415392,-0.077415377,-0.062088277,-0.008300267,-4.11E-05,0,0,0
224,-0.077415407,-0.077415407,-0.077415392,-0.077415377,-0.062088277,-0.008300265,-4.11E-05,0,0,0
225,-0.077415407,-0.077415407,-0.077415392,-0.077415369,-0.062088277,-0.008300265,-4.11E-05,0,0,0
226,-0.077415407,-0.077415407,-0.077415392,-0.077415369,-0.062088277,-0.008300263,-4.11E-05,0,0,0
227,-0.077415407,-0.077415407,-0.077415392,-0.077415377,-0.062088273,-0.008300262,-4.11E-05,0,0,0
228,-0.077415407,-0.077415407,-0.077415392,-0.077415377,-0.062088273,-0.00830026,-4.11E-05,0,0,0
229,-0.077415407,-0.077415407,-0.077415392,-0.077415377,-0.06208827,-0.008300259,-4.11E-05,0,0,0
230,-0.077415407,-0.077415407,-0.077415392,-0.077415377,-0.06208827,-0.00830026,-4.11E-05,0,0,0
231,-0.077415407,-0.077415407,-0.077415392,-0.077415377,-0.06208827,-0.008300258,-4.11E-05,0,0,0
232,-0.077415407,-0.077415407,-0.077415392,-0.077415377,-0.06208827,-0.00830026,-4.11E-05,0,0,0
233,-0.077415399,-0.077415407,-0.077415392,-0.077415377,-0.062088266,-0.008300257,-4.11E-05,0,0,0
234,-0.077415407,-0.077415407,-0.077415392,-0.077415377,-0.062088266,-0.008300256,-4.11E-05,0,0,0
235,-0.077415407,-0.077415407,-0.077415392,-0.077415377,-0.062088266,-0.008300254,-4.11E-05,0,0,0
236,-0.077415407,-0.077415407,-0.077415392,-0.077415369,-0.062088266,-0.008300254,-4.11E-05,0,0,0
237,-0.077415407,-0.077415407,-0.077415392,-0.077415369,-0.062088262,-0.008300252,-4.11E-05,0,0,0
238,-0.077415407,-0.077415407,-0.077415392,-0.077415369,-0.062088259,-0.008300249,-4.11E-05,0,0,0
239,-0.077415407,-0.077415407,-0.077415392,-0.077415369,-0.062088259,-0.008300248,-4.11E-05,0,0,0
240,-0.077415407,-0.077415407,-0.077415392,-0.077415369,-0.062088259,-0.008300248,-4.11E-05,0,0,0
241,-0.077415407,-0.077415407,-0.077415392,-0.077415369,-0.062088259,-0.008300247,-4.11E-05,0,0,0
242,-0.077415407,-0.077415407,-0.077415392,-0.077415369,-0.062088251,-0.008300246,-4.11E-05,0,0,0
243,-0.077415407,-0.077415407,-0.077415392,-0.077415369,-0.062088251,-0.008300243,-4.11E-05,0,0,0
244,-0.077415407,-0.077415407,-0.077415392,-0.077415369,-0.062088251,-0.008300241,-4.11E-05,0,0,0
245,-0.077415399,-0.077415407,-0.077415392,-0.077415369,-0.062088251,-0.008300239,-4.11E-05,0,0,0
246,-0.077415399,-0.077415407,-0.077415392,-0.077415369,-0.062088251,-0.008300237,-4.11E-05,0,0,0
247,-0.077415399,-0.077415407,-0.077415392,-0.077415369,-0.062088251,-0.008300235,-4.11E-05,0,0,0
248,-0.077415407,-0.077415407,-0.077415392,-0.077415369,-0.062088251,-0.008300234,-4.11E-05,0,0,0
249,-0.077415407,-0.077415407,-0.077415392,-0.077415369,-0.062088251,-0.008300234,-4.11E-05,0,0,0
250,-0.077415407,-0.077415407,-0.077415392,-0.077415369,-0.062088251,-0.008300232,-4.11E-05,0,0,0
251,-0.077415407,-0.077415407,-0.077415392,-0.077415369,-0.062088251,-0.008300228,-4.11E-05,0,0,0
252,-0.077415407,-0.077415407,-0.077415392,-0.077415369,-0.062088251,-0.008300225,-4.11E-05,0,0,0
253,-0.077415407,-0.077415407,-0.077415392,-0.077415369,-0.062088251,-0.008300223,-4.11E-05,0,0,0
254,-0.077415407,-0.077415407,-0.077415392,-0.077415369,-0.062088247,-0.008300222,-4.11E-05,0,0,0
255,-0.077415407,-0.077415407,-0.077415392,-0.077415369,-0.062088244,-0.00830022,-4.11E-05,0,0,0
256,-0.077415407,-0.077415407,-0.077415392,-0.077415369,-0.062088244,-0.008300217,-4.11E-05,0,0,0
257,-0.077415407,-0.077415407,-0.077415392,-0.077415369,-0.062088244,-0.008300213,-4.11E-05,0,0,0
258,-0.077415407,-0.077415407,-0.077415392,-0.077415369,-0.062088244,-0.008300208,-4.11E-05,0,0,0
259,-0.077415399,-0.077415407,-0.077415392,-0.077415369,-0.062088244,-0.008300206,-4.11E-05,0,0,0
260,-0.077415399,-0.077415407,-0.077415392,-0.077415369,-0.062088244,-0.0083002,-4.11E-05,0,0,0
261,-0.077415399,-0.077415407,-0.077415392,-0.077415369,-0.062088244,-0.008300196,-4.11E-05,0,0,0
262,-0.077415399,-0.077415407,-0.077415392,-0.077415369,-0.06208824,-0.008300191,-4.11E-05,0,0,0
263,-0.077415407,-0.077415407,-0.077415392,-0.077415369,-0.06208824,-0.008300186,-4.11E-05,0,0,0
264,-0.077415407,-0.077415407,-0.077415392,-0.077415369,-0.06208824,-0.008300177,-4.11E-05,0,0,0
265,-0.077415407,-0.077415407,-0.077415392,-0.077415369,-0.062088236,-0.008300167,-4.11E-05,0,0,0
266,-0.077415407,-0.077415407,-0.077415392,-0.077415369,-0.062088236,-0.008300155,-4.11E-05,0,0,0
267,-0.077415407,-0.077415407,-0.077415392,-0.077415369,-0.062088236,-0.008300139,-4.11E-05,0,0,0
268,-0.077415407,-0.077415407,-0.077415392,-0.077415369,-0.062088236,-0.008300111,-4.11E-05,0,0,0
269,-0.077415407,-0.077415407,-0.077415392,-0.077415369,-0.062088236,-0.008300067,-4.11E-05,0,0,0
270,-0.077415407,-0.077415407,-0.077415392,-0.077415369,-0.062088236,-0.008299941,-4.11E-05,0,0,0
271,-0.077415407,-0.077415407,-0.077415392,-0.077415369,-0.062088236,-0.008288505,-4.11E-05,0,0,0
272,-0.077415407,-0.077415407,-0.077415392,-0.077415369,-0.062088236,-0.010272228,-4.11E-05,0,0,0
273,-0.077415407,-0.077415407,-0.077415392,-0.077415369,-0.062088229,-0.010272163,-4.11E-05,0,0,0
274,-0.077415399,-0.077415407,-0.077415392,-0.077415369,-0.062088229,-0.010272058,-4.11E-05,0,0,0
275,-0.077415399,-0.077415407,-0.077415392,-0.077415369,-0.062088229,-0.010271847,-4.11E-05,0,0,0
276,-0.077415407,-0.077415407,-0.077415392,-0.077415369,-0.062088229,-0.010271057,-4.11E-05,0,0,0
277,-0.077415407,-0.077415407,-0.077415392,-0.077415369,-0.062088229,-0.006656564,-4.11E-05,0,0,0
278,-0.077415407,-0.077415407,-0.077415392,-0.077415369,-0.062088221,-0.006656562,-4.11E-05,0,0,0
279,-0.077415407,-0.077415407,-0.077415392,-0.077415369,-0.062088221,-0.00665656,-4.11E-05,0,0,0
280,-0.077415399,-0.077415407,-0.077415392,-0.077415369,-0.062088221,-0.006656558,-4.11E-05,0,0,0
281,-0.077415407,-0.077415407,-0.077415392,-0.077415369,-0.062088221,-0.006656556,-4.11E-05,0,0,0
282,-0.077415407,-0.077415407,-0.077415392,-0.077415369,-0.062088221,-0.006656554,-4.11E-05,0,0,0
283,-0.077415407,-0.077415407,-0.077415392,-0.077415369,-0.062088221,-0.006656551,-4.11E-05,0,0,0
284,-0.077415407,-0.077415407,-0.077415392,-0.077415369,-0.062088221,-0.006656548,-4.11E-05,0,0,0
285,-0.077415407,-0.077415407,-0.077415392,-0.077415369,-0.062088221,-0.006656546,-4.11E-05,0,0,0
286,-0.077415407,-0.077415407,-0.077415392,-0.077415369,-0.062088221,-0.006656543,-4.11E-05,0,0,0
287,-0.077415407,-0.077415407,-0.077415392,-0.077415369,-0.062088221,-0.006656541,-4.11E-05,0,0,0
288,-0.077415407,-0.077415407,-0.077415392,-0.077415369,-0.062088221,-0.006656538,-4.11E-05,0,0,0
289,-0.077415407,-0.077415407,-0.077415392,-0.077415369,-0.062088214,-0.006656534,-4.11E-05,0,0,0
290,-0.077415407,-0.077415407,-0.077415392,-0.077415369,-0.06208821,-0.006656531,-4.11E-05,0,0,0
291,-0.077415407,-0.077415407,-0.077415392,-0.077415369,-0.06208821,-0.006656528,-4.11E-05,0,0,0
292,-0.077415407,-0.077415407,-0.077415392,-0.077415369,-0.062088214,-0.006656524,-4.11E-05,0,0,0
293,-0.077415407,-0.077415407,-0.077415392,-0.077415369,-0.06208821,-0.00665652,-4.11E-05,0,0,0
294,-0.077415407,-0.077415407,-0.077415392,-0.077415369,-0.06208821,-0.006656515,-4.11E-05,0,0,0
295,-0.077415407,-0.077415407,-0.077415392,-0.077415362,-0.06208821,-0.006656511,-4.11E-05,0,0,0
296,-0.077415407,-0.077415407,-0.077415392,-0.077415362,-0.06208821,-0.006656507,-4.11E-05,0,0,0
297,-0.077415407,-0.077415407,-0.077415392,-0.077415362,-0.06208821,-0.006656501,-4.11E-05,0,0,0
298,-0.077415407,-0.077415407,-0.077415392,-0.077415362,-0.062088203,-0.006656495,-4.11E-05,0,0,0
299,-0.077415407,-0.077415407,-0.077415392,-0.077415362,-0.062088203,-0.006656489,-4.11E-05,0,0,0
300,-0.077415407,-0.077415407,-0.077415392,-0.077415362,-0.062088203,-0.006656482,-4.11E-05,0,0,0
301,-0.077415407,-0.077415407,-0.077415392,-0.077415362,-0.062088203,-0.006656475,-4.11E-05,0,0,0
302,-0.077415407,-0.077415407,-0.077415392,-0.077415362,-0.062088203,-0.006656466,-4.11E-05,0,0,0
303,-0.077415407,-0.077415407,-0.077415392,-0.077415362,-0.062088203,-0.006656456,-4.11E-05,0,0,0
304,-0.077415407,-0.077415407,-0.077415392,-0.077415362,-0.062088199,-0.006656446,-4.11E-05,0,0,0
305,-0.077415407,-0.077415407,-0.077415392,-0.077415362,-0.062088195,-0.006656433,-4.11E-05,0,0,0
306,-0.077415407,-0.077415407,-0.077415392,-0.077415362,-0.062088195,-0.006656417,-4.11E-05,0,0,0
307,-0.077415407,-0.077415407,-0.077415392,-0.077415362,-0.062088195,-0.006656398,-4.11E-05,0,0,0
308,-0.077415407,-0.077415407,-0.077415392,-0.077415362,-0.062088192,-0.006656374,-4.11E-05,0,0,0
309,-0.077415407,-0.077415407,-0.077415392,-0.077415362,-0.062088192,-0.006656343,-4.11E-05,0,0,0
310,-0.077415407,-0.077415407,-0.077415392,-0.077415362,-0.062088192,-0.006656298,-4.11E-05,0,0,0
311,-0.077415407,-0.077415407,-0.077415392,-0.077415362,-0.062088192,-0.006656228,-4.11E-05,0,0,0
312,-0.077415407,-0.077415407,-0.077415392,-0.077415362,-0.062088192,-0.006656094,-4.11E-05,0,0,0
313,-0.077415407,-0.077415407,-0.077415392,-0.077415362,-0.062088192,-0.006655681,-4.11E-05,0,0,0
314,-0.077415407,-0.077415407,-0.077415392,-0.077415362,-0.062088184,-0.004355523,-4.11E-05,0,0,0
315,-0.077415407,-0.077415407,-0.077415392,-0.077415362,-0.062088184,-0.004355522,-4.11E-05,0,0,0
316,-0.077415407,-0.077415407,-0.077415392,-0.077415362,-0.062088184,-0.00435552,-4.11E-05,0,0,0
317,-0.077415407,-0.077415407,-0.077415392,-0.077415362,-0.062088184,-0.00435552,-4.11E-05,0,0,0
318,-0.077415407,-0.077415407,-0.077415392,-0.077415362,-0.062088184,-0.004355518,-4.11E-05,0,0,0
319,-0.077415407,-0.077415407,-0.077415392,-0.077415362,-0.06208818,-0.004355518,-4.11E-05,0,0,0
320,-0.077415407,-0.077415407,-0.077415392,-0.077415362,-0.062088177,-0.004355517,-4.11E-05,0,0,0
321,-0.077415407,-0.077415407,-0.077415392,-0.077415362,-0.06208818,-0.004355515,-4.11E-05,0,0,0
322,-0.077415407,-0.077415407,-0.077415392,-0.077415362,-0.062088177,-0.004355514,-4.11E-05,0,0,0
323,-0.077415407,-0.077415407,-0.077415392,-0.077415362,-0.062088177,-0.004355513,-4.11E-05,0,0,0
324,-0.077415407,-0.077415407,-0.077415392,-0.077415362,-0.062088177,-0.004355512,-4.11E-05,0,0,0
325,-0.077415407,-0.077415407,-0.077415392,-0.077415362,-0.062088177,-0.004355511,-4.11E-05,0,0,0
326,-0.077415407,-0.077415407,-0.077415392,-0.077415362,-0.062088173,-0.00435551,-4.11E-05,0,0,0
327,-0.077415407,-0.077415407,-0.077415392,-0.077415362,-0.062088169,-0.004355509,-4.11E-05,0,0,0
328,-0.077415407,-0.077415407,-0.077415392,-0.077415362,-0.062088169,-0.004355507,-4.11E-05,0,0,0
329,-0.077415407,-0.077415407,-0.077415392,-0.077415362,-0.062088169,-0.004355506,-4.11E-05,0,0,0
330,-0.077415407,-0.077415407,-0.077415392,-0.077415362,-0.062088169,-0.004355504,-4.11E-05,0,0,0
331,-0.077415407,-0.077415407,-0.077415392,-0.077415362,-0.062088169,-0.004355503,-4.11E-05,0,0,0
332,-0.077415407,-0.077415407,-0.077415392,-0.077415362,-0.062088165,-0.004355501,-4.11E-05,0,0,0
333,-0.077415407,-0.077415407,-0.077415392,-0.077415362,-0.062088162,-0.0043555,-4.11E-05,0,0,0
334,-0.077415407,-0.077415407,-0.077415392,-0.077415362,-0.062088162,-0.004355499,-4.11E-05,0,0,0
335,-0.077415407,-0.077415407,-0.077415392,-0.077415362,-0.062088162,-0.004355497,-4.11E-05,0,0,0
336,-0.077415407,-0.077415407,-0.077415392,-0.077415362,-0.062088162,-0.004355496,-4.11E-05,0,0,0
337,-0.077415407,-0.077415407,-0.077415392,-0.077415362,-0.062088162,-0.004355494,-4.11E-05,0,0,0
338,-0.077415407,-0.077415407,-0.077415392,-0.077415362,-0.062088162,-0.004355492,-4.11E-05,0,0,0
339,-0.077415407,-0.077415407,-0.077415392,-0.077415362,-0.062088154,-0.00435549,-4.11E-05,0,0,0
340,-0.077415407,-0.077415407,-0.077415392,-0.077415362,-0.062088154,-0.004355488,-4.11E-05,0,0,0
341,-0.077415407,-0.077415407,-0.077415392,-0.077415362,-0.062088154,-0.004355486,-4.11E-05,0,0,0
342,-0.077415407,-0.077415407,-0.077415392,-0.077415362,-0.062088151,-0.004355485,-4.11E-05,0,0,0
343,-0.077415407,-0.077415407,-0.077415392,-0.077415362,-0.062088151,-0.004355482,-4.11E-05,0,0,0
344,-0.077415407,-0.077415407,-0.077415392,-0.077415362,-0.062088151,-0.00435548,-4.11E-05,0,0,0
345,-0.077415407,-0.077415407,-0.077415392,-0.077415362,-0.062088147,-0.004355478,-4.11E-05,0,0,0
346,-0.077415407,-0.077415407,-0.077415392,-0.077415362,-0.062088147,-0.004355475,-4.11E-05,0,0,0
347,-0.077415407,-0.077415407,-0.077415392,-0.077415362,-0.062088147,-0.004355473,-4.11E-05,0,0,0
348,-0.077415407,-0.077415407,-0.077415392,-0.077415362,-0.062088147,-0.00435547,-4.11E-05,0,0,0
349,-0.077415407,-0.077415407,-0.077415392,-0.077415362,-0.062088139,-0.004355468,-4.11E-05,0,0,0
350,-0.077415407,-0.077415407,-0.077415392,-0.077415362,-0.062088139,-0.004355465,-4.11E-05,0,0,0
351,-0.077415407,-0.077415407,-0.077415392,-0.077415362,-0.062088139,-0.004355461,-4.11E-05,0,0,0
352,-0.077415407,-0.077415407,-0.077415392,-0.077415362,-0.062088139,-0.004355458,-4.11E-05,0,0,0
353,-0.077415407,-0.077415407,-0.077415392,-0.077415362,-0.062088136,-0.004355454,-4.11E-05,0,0,0
354,-0.077415407,-0.077415407,-0.077415392,-0.077415362,-0.062088132,-0.004355451,-4.11E-05,0,0,0
355,-0.077415407,-0.077415407,-0.077415392,-0.077415362,-0.062088132,-0.004355446,-4.11E-05,0,0,0
356,-0.077415407,-0.077415407,-0.077415392,-0.077415362,-0.062088132,-0.004355442,-4.11E-05,0,0,0
357,-0.077415407,-0.077415407,-0.077415392,-0.077415362,-0.062088132,-0.004355438,-4.11E-05,0,0,0
358,-0.077415407,-0.077415407,-0.077415392,-0.077415362,-0.062088124,-0.004355432,-4.11E-05,0,0,0
359,-0.077415407,-0.077415407,-0.077415392,-0.077415362,-0.062088124,-0.004355426,-4.11E-05,0,0,0
360,-0.077415407,-0.077415407,-0.077415392,-0.077415362,-0.062088124,-0.00435542,-4.11E-05,0,0,0
361,-0.077415407,-0.077415407,-0.077415392,-0.077415362,-0.062088124,-0.004355413,-4.11E-05,0,0,0
362,-0.077415407,-0.077415407,-0.077415392,-0.077415362,-0.062088117,-0.004355406,-4.11E-05,0,0,0
363,-0.077415407,-0.077415407,-0.077415392,-0.077415362,-0.062088124,-0.004355397,-4.11E-05,0,0,0
364,-0.077415407,-0.077415407,-0.077415392,-0.077415362,-0.062088117,-0.004355386,-4.11E-05,0,0,0
365,-0.077415407,-0.077415407,-0.077415392,-0.077415362,-0.062088117,-0.004355375,-4.11E-05,0,0,0
366,-0.077415407,-0.077415407,-0.077415392,-0.077415362,-0.062088117,-0.004355361,-4.11E-05,0,0,0
367,-0.077415407,-0.077415407,-0.077415392,-0.077415362,-0.06208811,-0.004355344,-4.11E-05,0,0,0
368,-0.077415407,-0.077415407,-0.077415392,-0.077415362,-0.06208811,-0.004355323,-4.11E-05,0,0,0
369,-0.077415407,-0.077415407,-0.077415392,-0.077415362,-0.06208811,-0.004355295,-4.11E-05,0,0,0
370,-0.077415407,-0.077415407,-0.077415392,-0.077415362,-0.06208811,-0.004355256,-4.11E-05,0,0,0
371,-0.077415407,-0.077415407,-0.077415392,-0.077415362,-0.06208811,-0.004355196,-4.11E-05,0,0,0
372,-0.077415407,-0.077415407,-0.077415392,-0.077415362,-0.062088102,-0.004355086,-4.11E-05,0,0,0
373,-0.077415407,-0.077415407,-0.077415392,-0.077415362,-0.062088095,-0.004354779,-4.11E-05,0,0,0
374,-0.077415407,-0.077415407,-0.077415392,-0.077415362,-0.062088095,-0.002506457,-4.11E-05,0,0,0
375,-0.077415407,-0.077415407,-0.077415392,-0.077415362,-0.062088091,-0.002506457,-4.11E-05,0,0,0
376,-0.077415407,-0.077415407,-0.077415392,-0.077415362,-0.062088087,-0.002506456,-4.11E-05,0,0,0
377,-0.077415407,-0.077415407,-0.077415392,-0.077415362,-0.062088087,-0.002506456,-4.11E-05,0,0,0
378,-0.077415407,-0.077415407,-0.077415392,-0.077415362,-0.062088087,-0.002506455,-4.11E-05,0,0,0
379,-0.077415407,-0.077415407,-0.077415392,-0.077415362,-0.062088087,-0.002506455,-4.11E-05,0,0,0
380,-0.077415407,-0.077415407,-0.077415392,-0.077415362,-0.062088087,-0.002506454,-4.11E-05,0,0,0
381,-0.077415407,-0.077415407,-0.077415392,-0.077415362,-0.06208808,-0.002506454,-4.11E-05,0,0,0
382,-0.077415407,-0.077415407,-0.077415392,-0.077415362,-0.06208808,-0.002506453,-4.11E-05,0,0,0
383,-0.077415407,-0.077415407,-0.077415392,-0.077415362,-0.06208808,-0.002506453,-4.11E-05,0,0,0
384,-0.077415407,-0.077415407,-0.077415392,-0.077415362,-0.062088072,-0.002506452,-4.11E-05,0,0,0
385,-0.077415407,-0.077415407,-0.077415392,-0.077415362,-0.062088072,-0.002506451,-4.11E-05,0,0,0
386,-0.077415407,-0.077415407,-0.077415392,-0.077415362,-0.062088072,-0.002506451,-4.11E-05,0,0,0
387,-0.077415407,-0.077415407,-0.077415392,-0.077415362,-0.062088072,-0.00250645,-4.11E-05,0,0,0
388,-0.077415407,-0.077415407,-0.077415392,-0.077415362,-0.062088072,-0.00250645,-4.11E-05,0,0,0
389,-0.077415407,-0.077415407,-0.077415392,-0.077415362,-0.062088065,-0.002506449,-4.11E-05,0,0,0
390,-0.077415407,-0.077415407,-0.077415392,-0.077415362,-0.062088065,-0.002506448,-4.11E-05,0,0,0
391,-0.077415407,-0.077415407,-0.077415392,-0.077415362,-0.062088065,-0.002506447,-4.11E-05,0,0,0
392,-0.077415407,-0.077415407,-0.077415392,-0.077415355,-0.062088057,-0.002506447,-4.11E-05,0,0,0
393,-0.077415407,-0.077415407,-0.077415392,-0.077415355,-0.062088057,-0.002506447,-4.11E-05,0,0,0
394,-0.077415407,-0.077415407,-0.077415392,-0.077415355,-0.06208805,-0.002506446,-4.11E-05,0,0,0
395,-0.077415407,-0.077415407,-0.077415392,-0.077415355,-0.06208805,-0.002506445,-4.11E-05,0,0,0
396,-0.077415407,-0.077415407,-0.077415392,-0.077415355,-0.06208805,-0.002506444,-4.11E-05,0,0,0
397,-0.077415407,-0.077415407,-0.077415392,-0.077415355,-0.062088042,-0.002506444,-4.11E-05,0,0,0
398,-0.077415407,-0.077415407,-0.077415392,-0.077415355,-0.062088042,-0.002506443,-4.11E-05,0,0,0
399,-0.077415407,-0.077415407,-0.077415392,-0.077415355,-0.062088035,-0.002506442,-4.11E-05,0,0,0
400,-0.077415407,-0.077415407,-0.077415392,-0.077415355,-0.062088035,-0.002506442,-4.11E-05,0,0,0
401,-0.077415407,-0.077415407,-0.077415392,-0.077415355,-0.062088035,-0.002506441,-4.11E-05,0,0,0
402,-0.077415407,-0.077415407,-0.077415392,-0.077415355,-0.062088035,-0.00250644,-4.11E-05,0,0,0
403,-0.077415407,-0.077415407,-0.077415392,-0.077415355,-0.062088028,-0.002506439,-4.11E-05,0,0,0
404,-0.077415407,-0.077415407,-0.077415392,-0.077415355,-0.062088028,-0.002506439,-4.11E-05,0,0,0
405,-0.077415407,-0.077415407,-0.077415392,-0.077415355,-0.062088028,-0.002506438,-4.11E-05,0,0,0
406,-0.077415407,-0.077415407,-0.077415392,-0.077415355,-0.062088028,-0.002506437,-4.11E-05,0,0,0
407,-0.077415407,-0.077415407,-0.077415392,-0.077415355,-0.06208802,-0.002506436,-4.11E-05,0,0,0
408,-0.077415407,-0.077415407,-0.077415392,-0.077415355,-0.062088016,-0.002506435,-4.11E-05,0,0,0
409,-0.077415407,-0.077415407,-0.077415392,-0.077415355,-0.062088013,-0.002506434,-4.11E-05,0,0,0
410,-0.077415407,-0.077415407,-0.077415392,-0.077415355,-0.062088009,-0.002506433,-4.11E-05,0,0,0
411,-0.077415407,-0.077415407,-0.077415392,-0.077415355,-0.062088009,-0.002506432,-4.11E-05,0,0,0
412,-0.077415407,-0.077415407,-0.077415392,-0.077415355,-0.062088005,-0.002506431,-4.11E-05,0,0,0
413,-0.077415407,-0.077415407,-0.077415392,-0.077415355,-0.062087998,-0.00250643,-4.11E-05,0,0,0
414,-0.077415407,-0.077415407,-0.077415392,-0.077415355,-0.062087998,-0.002506429,-4.11E-05,0,0,0
415,-0.077415407,-0.077415407,-0.077415392,-0.077415355,-0.062087998,-0.002506428,-4.11E-05,0,0,0
416,-0.077415407,-0.077415407,-0.077415392,-0.077415355,-0.06208799,-0.002506427,-4.11E-05,0,0,0
417,-0.077415407,-0.077415407,-0.077415392,-0.077415355,-0.062087983,-0.002506426,-4.11E-05,0,0,0
418,-0.077415407,-0.077415407,-0.077415392,-0.077415355,-0.062087983,-0.002506425,-4.11E-05,0,0,0
419,-0.077415407,-0.077415407,-0.077415392,-0.077415355,-0.062087975,-0.002506424,-4.11E-05,0,0,0
420,-0.077415407,-0.077415407,-0.077415392,-0.077415355,-0.062087975,-0.002506423,-4.11E-05,0,0,0
421,-0.077415407,-0.077415407,-0.077415392,-0.077415355,-0.062087968,-0.002506421,-4.11E-05,0,0,0
422,-0.077415407,-0.077415407,-0.077415392,-0.077415355,-0.062087968,-0.00250642,-4.11E-05,0,0,0
423,-0.077415407,-0.077415407,-0.077415392,-0.077415355,-0.062087968,-0.002506419,-4.11E-05,0,0,0
424,-0.077415407,-0.077415407,-0.077415392,-0.077415355,-0.062087961,-0.002506418,-4.11E-05,0,0,0
425,-0.077415407,-0.077415407,-0.077415392,-0.077415355,-0.062087953,-0.002506416,-4.11E-05,0,0,0
426,-0.077415407,-0.077415407,-0.077415392,-0.077415355,-0.062087953,-0.002506415,-4.11E-05,0,0,0
427,-0.077415407,-0.077415407,-0.077415392,-0.077415355,-0.062087946,-0.002506413,-4.11E-05,0,0,0
428,-0.077415407,-0.077415407,-0.077415392,-0.077415355,-0.062087946,-0.002506412,-4.11E-05,0,0,0
429,-0.077415407,-0.077415407,-0.077415392,-0.077415355,-0.062087938,-0.00250641,-4.11E-05,0,0,0
430,-0.077415407,-0.077415407,-0.077415392,-0.077415355,-0.062087931,-0.002506409,-4.11E-05,0,0,0
431,-0.077415407,-0.077415407,-0.077415392,-0.077415355,-0.062087923,-0.002506407,-4.11E-05,0,0,0
432,-0.077415407,-0.077415407,-0.077415392,-0.077415355,-0.062087923,-0.002506405,-4.11E-05,0,0,0
433,-0.077415407,-0.077415407,-0.077415392,-0.077415355,-0.062087916,-0.002506403,-4.11E-05,0,0,0
434,-0.077415407,-0.077415407,-0.077415392,-0.077415355,-0.062087916,-0.002506402,-4.11E-05,0,0,0
435,-0.077415407,-0.077415407,-0.077415392,-0.077415355,-0.062087908,-0.0025064,-4.11E-05,0,0,0
436,-0.077415407,-0.077415407,-0.077415392,-0.077415355,-0.062087901,-0.002506397,-4.11E-05,0,0,0
437,-0.077415407,-0.077415407,-0.077415392,-0.077415355,-0.062087893,-0.002506395,-4.11E-05,0,0,0
438,-0.077415407,-0.077415407,-0.077415392,-0.077415355,-0.062087886,-0.002506393,-4.11E-05,0,0,0
439,-0.077415407,-0.077415407,-0.077415392,-0.077415355,-0.062087879,-0.002506391,-4.11E-05,0,0,0
440,-0.077415407,-0.077415407,-0.077415392,-0.077415355,-0.062087867,-0.002506388,-4.11E-05,0,0,0
441,-0.077415407,-0.077415407,-0.077415392,-0.077415355,-0.06208786,-0.002506386,-4.11E-05,0,0,0
442,-0.077415407,-0.077415407,-0.077415392,-0.077415355,-0.062087856,-0.002506383,-4.11E-05,0,0,0
443,-0.077415407,-0.077415407,-0.077415392,-0.077415355,-0.062087845,-0.00250638,-4.11E-05,0,0,0
444,-0.077415407,-0.077415407,-0.077415392,-0.077415355,-0.062087838,-0.002506378,-4.11E-05,0,0,0
445,-0.077415407,-0.077415407,-0.077415392,-0.077415355,-0.062087826,-0.002506374,-4.11E-05,0,0,0
446,-0.077415407,-0.077415407,-0.077415392,-0.077415355,-0.062087819,-0.002506371,-4.11E-05,0,0,0
447,-0.077415407,-0.077415407,-0.077415392,-0.077415355,-0.062087804,-0.002506368,-4.11E-05,0,0,0
448,-0.077415407,-0.077415407,-0.077415392,-0.077415355,-0.062087797,-0.002506364,-4.11E-05,0,0,0
449,-0.077415407,-0.077415407,-0.077415392,-0.077415355,-0.062087782,-0.00250636,-4.11E-05,0,0,0
450,-0.077415407,-0.077415407,-0.077415392,-0.077415355,-0.062087767,-0.002506356,-4.11E-05,0,0,0
451,-0.077415407,-0.077415407,-0.077415392,-0.077415355,-0.062087752,-0.002506351,-4.11E-05,0,0,0
452,-0.077415407,-0.077415407,-0.077415392,-0.077415355,-0.062087737,-0.002506346,-4.11E-05,0,0,0
453,-0.077415407,-0.077415407,-0.077415392,-0.077415355,-0.062087718,-0.002506341,-4.11E-05,0,0,0
454,-0.077415407,-0.077415407,-0.077415392,-0.077415355,-0.0620877,-0.002506336,-4.11E-05,0,0,0
455,-0.077415407,-0.077415407,-0.077415392,-0.077415347,-0.062087677,-0.002506329,-4.11E-05,0,0,0
456,-0.077415407,-0.077415407,-0.077415392,-0.077415347,-0.062087651,-0.002506323,-4.11E-05,0,0,0
457,-0.077415407,-0.077415407,-0.077415392,-0.077415347,-0.062087625,-0.002506315,-4.11E-05,0,0,0
458,-0.077415407,-0.077415407,-0.077415392,-0.077415347,-0.062087595,-0.002506307,-4.11E-05,0,0,0
459,-0.077415407,-0.077415407,-0.077415392,-0.077415347,-0.062087551,-0.002506298,-4.11E-05,0,0,0
460,-0.077415407,-0.077415407,-0.077415392,-0.077415347,-0.062087506,-0.002506288,-4.11E-05,0,0,0
461,-0.077415407,-0.077415407,-0.077415392,-0.077415347,-0.062087435,-0.002506276,-4.11E-05,0,0,0
462,-0.077415407,-0.077415407,-0.077415392,-0.077415347,-0.06208735,-0.002506263,-4.11E-05,0,0,0
463,-0.077415407,-0.077415407,-0.077415392,-0.077415347,-0.06208723,-0.002506248,-4.11E-05,0,0,0
464,-0.077415407,-0.077415407,-0.077415392,-0.077415347,-0.062087033,-0.00250623,-4.11E-05,0,0,0
465,-0.077415407,-0.077415407,-0.077415392,-0.077415347,-0.062086616,-0.002506208,-4.11E-05,0,0,0
466,-0.077415407,-0.077415407,-0.077415392,-0.077415347,-0.062084947,-0.00250618,-4.11E-05,0,0,0
467,-0.077415407,-0.077415407,-0.077415392,-0.077415347,-0.059786901,-0.002506146,-4.11E-05,0,0,0
468,-0.077415407,-0.077415407,-0.077415392,-0.077415347,-0.059786901,-0.002506099,-4.11E-05,0,0,0
469,-0.077415407,-0.077415407,-0.077415392,-0.077415347,-0.059786897,-0.002506032,-4.11E-05,0,0,0
470,-0.077415407,-0.077415407,-0.077415392,-0.077415347,-0.059786897,-0.002505924,-4.11E-05,0,0,0
471,-0.077415407,-0.077415407,-0.077415392,-0.077415347,-0.059786893,-0.002505709,-4.11E-05,0,0,0
472,-0.077415407,-0.077415407,-0.077415392,-0.077415347,-0.059786893,-0.002504979,-4.11E-05,0,0,0
473,-0.077415407,-0.077415407,-0.077415392,-0.077415347,-0.05978689,-0.001027251,-4.11E-05,0,0,0
474,-0.077415407,-0.077415407,-0.077415392,-0.077415347,-0.059786886,-0.001027251,-4.11E-05,0,0,0
475,-0.077415407,-0.077415407,-0.077415392,-0.077415347,-0.059786882,-0.001027251,-4.11E-05,0,0,0
476,-0.077415407,-0.077415407,-0.077415392,-0.077415347,-0.059786882,-0.001027251,-4.11E-05,0,0,0
477,-0.077415407,-0.077415407,-0.077415392,-0.077415347,-0.059786879,-0.001027251,-4.11E-05,0,0,0
478,-0.077415407,-0.077415407,-0.077415392,-0.077415347,-0.059786875,-0.00102725,-4.11E-05,0,0,0
479,-0.077415407,-0.077415407,-0.077415392,-0.077415347,-0.059786871,-0.00102725,-4.11E-05,0,0,0
480,-0.077415407,-0.077415407,-0.077415392,-0.077415347,-0.059786871,-0.00102725,-4.11E-05,0,0,0
481,-0.077415407,-0.077415407,-0.077415392,-0.077415347,-0.059786867,-0.00102725,-4.11E-05,0,0,0
482,-0.077415407,-0.077415407,-0.077415392,-0.077415347,-0.059786867,-0.00102725,-4.11E-05,0,0,0
483,-0.077415407,-0.077415407,-0.077415392,-0.077415347,-0.059786864,-0.00102725,-4.11E-05,0,0,0
484,-0.077415407,-0.077415407,-0.077415392,-0.077415347,-0.059786856,-0.00102725,-4.11E-05,0,0,0
485,-0.077415407,-0.077415407,-0.077415392,-0.077415347,-0.059786852,-0.00102725,-4.11E-05,0,0,0
486,-0.077415407,-0.077415407,-0.077415392,-0.077415347,-0.059786849,-0.00102725,-4.11E-05,0,0,0
487,-0.077415407,-0.077415407,-0.077415392,-0.077415347,-0.059786849,-0.00102725,-4.11E-05,0,0,0
488,-0.077415407,-0.077415407,-0.077415392,-0.077415347,-0.059786849,-0.00102725,-4.11E-05,0,0,0
489,-0.077415407,-0.077415407,-0.077415392,-0.077415347,-0.059786841,-0.00102725,-4.11E-05,0,0,0
490,-0.077415407,-0.077415407,-0.077415392,-0.077415347,-0.059786841,-0.00102725,-4.11E-05,0,0,0
491,-0.077415407,-0.077415407,-0.077415392,-0.077415347,-0.059786834,-0.00102725,-4.11E-05,0,0,0
492,-0.077415407,-0.077415407,-0.077415392,-0.077415347,-0.059786834,-0.00102725,-4.11E-05,0,0,0
493,-0.077415407,-0.077415407,-0.077415392,-0.077415347,-0.059786834,-0.00102725,-4.11E-05,0,0,0
494,-0.077415407,-0.077415407,-0.077415392,-0.077415347,-0.059786826,-0.001027249,-4.11E-05,0,0,0
495,-0.077415407,-0.077415407,-0.077415392,-0.077415347,-0.059786826,-0.001027249,-4.11E-05,0,0,0
496,-0.077415407,-0.077415407,-0.077415392,-0.077415347,-0.059786819,-0.001027249,-4.11E-05,0,0,0
497,-0.077415407,-0.077415407,-0.077415392,-0.077415347,-0.059786819,-0.001027249,-4.11E-05,0,0,0
498,-0.077415407,-0.077415407,-0.077415392,-0.077415347,-0.059786811,-0.001027249,-4.11E-05,0,0,0
499,-0.077415407,-0.077415407,-0.077415392,-0.077415347,-0.059786811,-0.001027249,-4.11E-05,0,0,0
500,-0.077415407,-0.077415407,-0.077415392,-0.077415347,-0.059786811,-0.001027249,-4.11E-05,0,0,0
501,-0.077415407,-0.077415407,-0.077415392,-0.077415347,-0.059786804,-0.001027249,-4.11E-05,0,0,0
502,-0.077415407,-0.077415407,-0.077415392,-0.077415347,-0.059786797,-0.001027249,-4.11E-05,0,0,0
503,-0.077415407,-0.077415407,-0.077415392,-0.077415347,-0.059786797,-0.001027249,-4.11E-05,0,0,0
504,-0.077415407,-0.077415407,-0.077415392,-0.077415347,-0.059786789,-0.001027249,-4.11E-05,0,0,0
505,-0.077415407,-0.077415407,-0.077415392,-0.077415347,-0.059786789,-0.001027249,-4.11E-05,0,0,0
506,-0.077415407,-0.077415407,-0.077415392,-0.077415347,-0.059786782,-0.001027249,-4.11E-05,0,0,0
507,-0.077415407,-0.077415407,-0.077415392,-0.077415347,-0.059786782,-0.001027249,-4.11E-05,0,0,0
508,-0.077415407,-0.077415407,-0.077415392,-0.077415347,-0.059786778,-0.001027249,-4.11E-05,0,0,0
509,-0.077415407,-0.077415407,-0.077415392,-0.077415347,-0.05978677,-0.001027249,-4.11E-05,0,0,0
510,-0.077415407,-0.077415407,-0.077415392,-0.077415347,-0.059786767,-0.001027249,-4.11E-05,0,0,0
511,-0.077415407,-0.077415407,-0.077415392,-0.077415347,-0.059786767,-0.001027249,-4.11E-05,0,0,0
512,-0.077415407,-0.077415407,-0.077415392,-0.077415347,-0.059786759,-0.001027248,-4.11E-05,0,0,0
513,-0.077415407,-0.077415407,-0.077415392,-0.077415347,-0.059786752,-0.001027248,-4.11E-05,0,0,0
514,-0.077415407,-0.077415407,-0.077415392,-0.077415347,-0.059786752,-0.001027248,-4.11E-05,0,0,0
515,-0.077415407,-0.077415407,-0.077415392,-0.07741534,-0.059786744,-0.001027248,-4.11E-05,0,0,0
516,-0.077415407,-0.077415407,-0.077415392,-0.07741534,-0.059786741,-0.001027248,-4.11E-05,0,0,0
517,-0.077415407,-0.077415407,-0.077415392,-0.07741534,-0.059786733,-0.001027248,-4.11E-05,0,0,0
518,-0.077415407,-0.077415407,-0.077415392,-0.07741534,-0.05978673,-0.001027248,-4.11E-05,0,0,0
519,-0.077415407,-0.077415407,-0.077415392,-0.07741534,-0.059786722,-0.001027248,-4.11E-05,0,0,0
520,-0.077415407,-0.077415407,-0.077415392,-0.07741534,-0.059786722,-0.001027248,-4.11E-05,0,0,0
521,-0.077415407,-0.077415407,-0.077415392,-0.07741534,-0.059786715,-0.001027248,-4.11E-05,0,0,0
522,-0.077415407,-0.077415407,-0.077415392,-0.07741534,-0.059786711,-0.001027248,-4.11E-05,0,0,0
523,-0.077415407,-0.077415407,-0.077415392,-0.07741534,-0.059786703,-0.001027248,-4.11E-05,0,0,0
524,-0.077415407,-0.077415407,-0.077415392,-0.07741534,-0.0597867,-0.001027248,-4.11E-05,0,0,0
525,-0.077415407,-0.077415407,-0.077415392,-0.07741534,-0.059786696,-0.001027248,-4.11E-05,0,0,0
526,-0.077415407,-0.077415407,-0.077415392,-0.07741534,-0.059786689,-0.001027248,-4.11E-05,0,0,0
527,-0.077415407,-0.077415407,-0.077415392,-0.07741534,-0.059786681,-0.001027248,-4.11E-05,0,0,0
528,-0.077415407,-0.077415407,-0.077415392,-0.07741534,-0.059786677,-0.001027248,-4.11E-05,0,0,0
529,-0.077415407,-0.077415407,-0.077415392,-0.07741534,-0.05978667,-0.001027247,-4.11E-05,0,0,0
530,-0.077415407,-0.077415407,-0.077415392,-0.07741534,-0.059786662,-0.001027247,-4.11E-05,0,0,0
531,-0.077415407,-0.077415407,-0.077415392,-0.07741534,-0.059786655,-0.001027247,-4.11E-05,0,0,0
532,-0.077415407,-0.077415407,-0.077415392,-0.07741534,-0.059786651,-0.001027247,-4.11E-05,0,0,0
533,-0.077415407,-0.077415407,-0.077415392,-0.07741534,-0.05978664,-0.001027247,-4.11E-05,0,0,0
534,-0.077415407,-0.077415407,-0.077415392,-0.07741534,-0.059786633,-0.001027247,-4.11E-05,0,0,0
535,-0.077415407,-0.077415407,-0.077415392,-0.07741534,-0.059786625,-0.001027247,-4.11E-05,0,0,0
536,-0.077415407,-0.077415407,-0.077415392,-0.07741534,-0.059786618,-0.001027247,-4.11E-05,0,0,0
537,-0.077415407,-0.077415407,-0.077415392,-0.07741534,-0.05978661,-0.001027247,-4.11E-05,0,0,0
538,-0.077415407,-0.077415407,-0.077415392,-0.07741534,-0.059786603,-0.001027247,-4.11E-05,0,0,0
539,-0.077415407,-0.077415407,-0.077415392,-0.07741534,-0.059786595,-0.001027247,-4.11E-05,0,0,0
540,-0.077415407,-0.077415407,-0.077415392,-0.07741534,-0.059786581,-0.001027247,-4.11E-05,0,0,0
541,-0.077415407,-0.077415407,-0.077415392,-0.07741534,-0.059786573,-0.001027247,-4.11E-05,0,0,0
542,-0.077415407,-0.077415407,-0.077415392,-0.07741534,-0.059786566,-0.001027247,-4.11E-05,0,0,0
543,-0.077415407,-0.077415407,-0.077415392,-0.07741534,-0.059786558,-0.001027246,-4.11E-05,0,0,0
544,-0.077415407,-0.077415407,-0.077415392,-0.07741534,-0.059786551,-0.001027246,-4.11E-05,0,0,0
545,-0.077415407,-0.077415407,-0.077415392,-0.07741534,-0.059786536,-0.001027246,-4.11E-05,0,0,0
546,-0.077415407,-0.077415407,-0.077415392,-0.07741534,-0.059786528,-0.001027246,-4.11E-05,0,0,0
547,-0.077415407,-0.077415407,-0.077415392,-0.07741534,-0.059786521,-0.001027246,-4.11E-05,0,0,0
548,-0.077415407,-0.077415407,-0.077415392,-0.077415332,-0.059786506,-0.001027246,-4.11E-05,0,0,0
549,-0.077415407,-0.077415407,-0.077415392,-0.077415332,-0.059786491,-0.001027246,-4.11E-05,0,0,0
550,-0.077415407,-0.077415407,-0.077415392,-0.077415332,-0.059786484,-0.001027246,-4.11E-05,0,0,0
551,-0.077415407,-0.077415407,-0.077415392,-0.077415332,-0.059786469,-0.001027246,-4.11E-05,0,0,0
552,-0.077415407,-0.077415407,-0.077415392,-0.077415332,-0.059786454,-0.001027246,-4.11E-05,0,0,0
553,-0.077415407,-0.077415407,-0.077415392,-0.077415332,-0.059786439,-0.001027246,-4.11E-05,0,0,0
554,-0.077415407,-0.077415407,-0.077415392,-0.077415332,-0.059786424,-0.001027246,-4.11E-05,0,0,0
555,-0.077415407,-0.077415407,-0.077415392,-0.077415332,-0.059786409,-0.001027246,-4.11E-05,0,0,0
556,-0.077415407,-0.077415407,-0.077415392,-0.077415332,-0.059786394,-0.001027245,-4.11E-05,0,0,0
557,-0.077415407,-0.077415407,-0.077415392,-0.077415332,-0.059786379,-0.001027245,-4.11E-05,0,0,0
558,-0.077415407,-0.077415407,-0.077415392,-0.077415332,-0.059786357,-0.001027245,-4.11E-05,0,0,0
559,-0.077415407,-0.077415407,-0.077415392,-0.077415332,-0.059786335,-0.001027245,-4.11E-05,0,0,0
560,-0.077415407,-0.077415407,-0.077415392,-0.077415332,-0.059786312,-0.001027245,-4.11E-05,0,0,0
561,-0.077415407,-0.077415407,-0.077415392,-0.077415332,-0.059786297,-0.001027245,-4.11E-05,0,0,0
562,-0.077415407,-0.077415407,-0.077415392,-0.077415332,-0.059786275,-0.001027245,-4.11E-05,0,0,0
563,-0.077415407,-0.077415407,-0.077415392,-0.077415332,-0.059786245,-0.001027245,-4.11E-05,0,0,0
564,-0.077415407,-0.077415407,-0.077415392,-0.077415332,-0.059786212,-0.001027245,-4.11E-05,0,0,0
565,-0.077415407,-0.077415407,-0.077415392,-0.077415332,-0.059786186,-0.001027245,-4.11E-05,0,0,0
566,-0.077415407,-0.077415407,-0.077415392,-0.077415332,-0.059786148,-0.001027245,-4.11E-05,0,0,0
567,-0.077415407,-0.077415407,-0.077415392,-0.077415332,-0.059786115,-0.001027245,-4.11E-05,0,0,0
568,-0.077415407,-0.077415407,-0.077415392,-0.077415332,-0.059786074,-0.001027244,-4.11E-05,0,0,0
569,-0.077415407,-0.077415407,-0.077415392,-0.077415332,-0.059786033,-0.001027244,-4.11E-05,0,0,0
570,-0.077415407,-0.077415407,-0.077415392,-0.077415332,-0.059785981,-0.001027244,-4.11E-05,0,0,0
571,-0.077415407,-0.077415407,-0.077415392,-0.077415332,-0.059785925,-0.001027244,-4.11E-05,0,0,0
572,-0.077415407,-0.077415407,-0.077415392,-0.077415332,-0.059785854,-0.001027244,-4.11E-05,0,0,0
573,-0.077415407,-0.077415407,-0.077415392,-0.077415332,-0.05978578,-0.001027244,-4.11E-05,0,0,0
574,-0.077415407,-0.077415407,-0.077415392,-0.077415332,-0.05978569,-0.001027244,-4.11E-05,0,0,0
575,-0.077415407,-0.077415407,-0.077415392,-0.077415332,-0.059785571,-0.001027244,-4.11E-05,0,0,0
576,-0.077415407,-0.077415407,-0.077415392,-0.077415332,-0.059785429,-0.001027244,-4.11E-05,0,0,0
577,-0.077415407,-0.077415407,-0.077415392,-0.077415332,-0.059785228,-0.001027244,-4.11E-05,0,0,0
578,-0.077415407,-0.077415407,-0.077415392,-0.077415332,-0.059784945,-0.001027244,-4.11E-05,0,0,0
579,-0.077415407,-0.077415407,-0.077415392,-0.077415332,-0.059784472,-0.001027243,-4.11E-05,0,0,0
580,-0.077415407,-0.077415407,-0.077415392,-0.077415332,-0.059783448,-0.001027243,-4.11E-05,0,0,0
581,-0.077415407,-0.077415407,-0.077415392,-0.077415332,-0.059778262,-0.001027243,-4.11E-05,0,0,0
582,-0.077415407,-0.077415407,-0.077415392,-0.077415332,-0.048486628,-0.001027243,-4.11E-05,0,0,0
583,-0.077415407,-0.077415407,-0.077415392,-0.077415332,-0.04848662,-0.001027243,-4.11E-05,0,0,0
584,-0.077415407,-0.077415407,-0.077415392,-0.077415332,-0.048486609,-0.001027243,-4.11E-05,0,0,0
585,-0.077415407,-0.077415407,-0.077415392,-0.077415332,-0.048486598,-0.001027243,-4.11E-05,0,0,0
586,-0.077415407,-0.077415407,-0.077415392,-0.077415332,-0.04848659,-0.001027243,-4.11E-05,0,0,0
587,-0.077415407,-0.077415407,-0.077415392,-0.077415332,-0.048486579,-0.001027243,-4.11E-05,0,0,0
588,-0.077415407,-0.077415407,-0.077415392,-0.077415332,-0.048486568,-0.001027243,-4.11E-05,0,0,0
589,-0.077415407,-0.077415407,-0.077415392,-0.077415332,-0.048486553,-0.001027243,-4.11E-05,0,0,0
590,-0.077415407,-0.077415407,-0.077415392,-0.077415332,-0.048486538,-0.001027242,-4.11E-05,0,0,0
591,-0.077415407,-0.077415407,-0.077415392,-0.077415332,-0.048486523,-0.001027242,-4.11E-05,0,0,0
592,-0.077415407,-0.077415407,-0.077415392,-0.077415332,-0.048486508,-0.001027242,-4.11E-05,0,0,0
593,-0.077415407,-0.077415407,-0.077415392,-0.077415332,-0.048486494,-0.001027242,-4.11E-05,0,0,0
594,-0.077415407,-0.077415407,-0.077415392,-0.077415332,-0.048486479,-0.001027242,-4.11E-05,0,0,0
595,-0.077415407,-0.077415407,-0.077415392,-0.077415332,-0.048486464,-0.001027242,-4.11E-05,0,0,0
596,-0.077415407,-0.077415407,-0.077415392,-0.077415332,-0.048486441,-0.001027242,-4.11E-05,0,0,0
597,-0.077415407,-0.077415407,-0.077415392,-0.077415332,-0.048486423,-0.001027242,-4.11E-05,0,0,0
598,-0.077415407,-0.077415407,-0.077415392,-0.077415325,-0.048486404,-0.001027242,-4.11E-05,0,0,0
599,-0.077415407,-0.077415407,-0.077415392,-0.077415325,-0.048486374,-0.001027241,-4.11E-05,0,0,0
600,-0.077415407,-0.077415407,-0.077415392,-0.077415325,-0.048486352,-0.001027241,-4.11E-05,0,0,0
601,-0.077415407,-0.077415407,-0.077415392,-0.077415325,-0.048486322,-0.001027241,-4.11E-05,0,0,0
602,-0.077415407,-0.077415407,-0.077415392,-0.077415325,-0.048486292,-0.001027241,-4.11E-05,0,0,0
603,-0.077415407,-0.077415407,-0.077415392,-0.077415325,-0.048486263,-0.001027241,-4.11E-05,0,0,0
604,-0.077415407,-0.077415407,-0.077415392,-0.077415325,-0.048486218,-0.001027241,-4.11E-05,0,0,0
605,-0.077415407,-0.077415407,-0.077415392,-0.077415325,-0.048486181,-0.001027241,-4.11E-05,0,0,0
606,-0.077415407,-0.077415407,-0.077415392,-0.077415325,-0.048486128,-0.001027241,-4.11E-05,0,0,0
607,-0.077415407,-0.077415407,-0.077415392,-0.077415325,-0.048486076,-0.001027241,-4.11E-05,0,0,0
608,-0.077415407,-0.077415407,-0.077415392,-0.077415325,-0.048486009,-0.001027241,-4.11E-05,0,0,0
609,-0.077415407,-0.077415407,-0.077415392,-0.077415325,-0.048485927,-0.001027241,-4.11E-05,0,0,0
610,-0.077415407,-0.077415407,-0.077415392,-0.077415325,-0.04848583,-0.00102724,-4.11E-05,0,0,0
611,-0.077415407,-0.077415407,-0.077415392,-0.077415325,-0.048485711,-0.00102724,-4.11E-05,0,0,0
612,-0.077415407,-0.077415407,-0.077415392,-0.077415325,-0.048485547,-0.00102724,-4.11E-05,0,0,0
613,-0.077415407,-0.077415407,-0.077415392,-0.077415325,-0.04848532,-0.00102724,-4.11E-05,0,0,0
614,-0.077415407,-0.077415407,-0.077415392,-0.077415325,-0.048484966,-0.00102724,-4.11E-05,0,0,0
615,-0.077415407,-0.077415407,-0.077415392,-0.077415325,-0.048484318,-0.00102724,-4.11E-05,0,0,0
616,-0.077415407,-0.077415407,-0.077415392,-0.077415325,-0.048482515,-0.00102724,-4.11E-05,0,0,0
617,-0.077415407,-0.077415407,-0.077415392,-0.077415325,-0.043679409,-0.001027239,-4.11E-05,0,0,0
618,-0.077415407,-0.077415407,-0.077415392,-0.077415325,-0.043679409,-0.001027239,-4.11E-05,0,0,0
619,-0.077415407,-0.077415407,-0.077415392,-0.077415325,-0.043679409,-0.001027239,-4.11E-05,0,0,0
620,-0.077415407,-0.077415407,-0.077415392,-0.077415325,-0.043679409,-0.001027239,-4.11E-05,0,0,0
621,-0.077415407,-0.077415407,-0.077415392,-0.077415325,-0.043679409,-0.001027239,-4.11E-05,0,0,0
622,-0.077415407,-0.077415407,-0.077415392,-0.077415325,-0.043679409,-0.001027239,-4.11E-05,0,0,0
623,-0.077415407,-0.077415407,-0.077415392,-0.077415325,-0.043679405,-0.001027239,-4.11E-05,0,0,0
624,-0.077415407,-0.077415407,-0.077415392,-0.077415325,-0.043679405,-0.001027239,-4.11E-05,0,0,0
625,-0.077415407,-0.077415407,-0.077415392,-0.077415325,-0.043679405,-0.001027239,-4.11E-05,0,0,0
626,-0.077415407,-0.077415407,-0.077415392,-0.077415325,-0.043679401,-0.001027238,-4.11E-05,0,0,0
627,-0.077415407,-0.077415407,-0.077415392,-0.077415325,-0.043679401,-0.001027238,-4.11E-05,0,0,0
628,-0.077415407,-0.077415407,-0.077415392,-0.077415325,-0.043679401,-0.001027238,-4.11E-05,0,0,0
629,-0.077415407,-0.077415407,-0.077415392,-0.077415325,-0.043679401,-0.001027238,-4.11E-05,0,0,0
630,-0.077415407,-0.077415407,-0.077415392,-0.077415325,-0.043679401,-0.001027238,-4.11E-05,0,0,0
631,-0.077415407,-0.077415407,-0.077415392,-0.077415325,-0.043679401,-0.001027238,-4.11E-05,0,0,0
632,-0.077415407,-0.077415407,-0.077415392,-0.077415325,-0.043679401,-0.001027238,-4.11E-05,0,0,0
633,-0.077415407,-0.077415407,-0.077415392,-0.077415325,-0.043679401,-0.001027237,-4.11E-05,0,0,0
634,-0.077415407,-0.077415407,-0.077415392,-0.077415325,-0.043679401,-0.001027237,-4.11E-05,0,0,0
635,-0.077415407,-0.077415407,-0.077415392,-0.077415325,-0.043679401,-0.001027237,-4.11E-05,0,0,0
636,-0.077415407,-0.077415407,-0.077415392,-0.077415325,-0.043679401,-0.001027237,-4.11E-05,0,0,0
637,-0.077415407,-0.077415407,-0.077415392,-0.077415325,-0.043679401,-0.001027237,-4.11E-05,0,0,0
638,-0.077415407,-0.077415407,-0.077415392,-0.077415325,-0.043679398,-0.001027237,-4.11E-05,0,0,0
639,-0.077415407,-0.077415407,-0.077415392,-0.077415325,-0.043679394,-0.001027237,-4.11E-05,0,0,0
640,-0.077415407,-0.077415407,-0.077415392,-0.077415325,-0.043679394,-0.001027236,-4.11E-05,0,0,0
641,-0.077415407,-0.077415407,-0.077415392,-0.077415325,-0.043679394,-0.001027236,-4.11E-05,0,0,0
642,-0.077415407,-0.077415407,-0.077415392,-0.077415325,-0.043679394,-0.001027236,-4.11E-05,0,0,0
643,-0.077415407,-0.077415407,-0.077415392,-0.077415325,-0.043679394,-0.001027236,-4.11E-05,0,0,0
644,-0.077415407,-0.077415407,-0.077415392,-0.077415325,-0.043679394,-0.001027236,-4.11E-05,0,0,0
645,-0.077415407,-0.077415407,-0.077415392,-0.077415325,-0.043679394,-0.001027236,-4.11E-05,0,0,0
646,-0.077415407,-0.077415407,-0.077415392,-0.077415325,-0.043679394,-0.001027235,-4.11E-05,0,0,0
647,-0.077415407,-0.077415407,-0.077415392,-0.077415325,-0.04367939,-0.001027235,-4.11E-05,0,0,0
648,-0.077415407,-0.077415407,-0.077415392,-0.077415325,-0.04367939,-0.001027235,-4.11E-05,0,0,0
649,-0.077415407,-0.077415407,-0.077415392,-0.077415325,-0.04367939,-0.001027235,-4.11E-05,0,0,0
650,-0.077415407,-0.077415407,-0.077415392,-0.077415325,-0.04367939,-0.001027235,-4.11E-05,0,0,0
651,-0.077415407,-0.077415407,-0.077415392,-0.077415325,-0.04367939,-0.001027235,-4.11E-05,0,0,0
652,-0.077415407,-0.077415407,-0.077415392,-0.077415325,-0.04367939,-0.001027234,-4.11E-05,0,0,0
653,-0.077415407,-0.077415407,-0.077415392,-0.077415325,-0.043679386,-0.001027234,-4.11E-05,0,0,0
654,-0.077415407,-0.077415407,-0.077415392,-0.077415325,-0.043679386,-0.001027234,-4.11E-05,0,0,0
655,-0.077415407,-0.077415407,-0.077415392,-0.077415325,-0.043679386,-0.001027234,-4.11E-05,0,0,0
656,-0.077415407,-0.077415407,-0.077415392,-0.077415325,-0.043679386,-0.001027234,-4.11E-05,0,0,0
657,-0.077415407,-0.077415407,-0.077415392,-0.077415325,-0.043679386,-0.001027234,-4.11E-05,0,0,0
658,-0.077415407,-0.077415407,-0.077415392,-0.077415325,-0.043679383,-0.001027233,-4.11E-05,0,0,0
659,-0.077415407,-0.077415407,-0.077415392,-0.077415325,-0.043679383,-0.001027233,-4.11E-05,0,0,0
660,-0.077415407,-0.077415407,-0.077415392,-0.077415317,-0.043679383,-0.001027233,-4.11E-05,0,0,0
661,-0.077415407,-0.077415407,-0.077415392,-0.077415317,-0.043679379,-0.001027233,-4.11E-05,0,0,0
662,-0.077415407,-0.077415407,-0.077415392,-0.077415317,-0.043679379,-0.001027233,-4.11E-05,0,0,0
663,-0.077415407,-0.077415407,-0.077415392,-0.077415317,-0.043679379,-0.001027233,-4.11E-05,0,0,0
664,-0.077415407,-0.077415407,-0.077415392,-0.077415317,-0.043679379,-0.001027232,-4.11E-05,0,0,0
665,-0.077415407,-0.077415407,-0.077415392,-0.077415317,-0.043679379,-0.001027232,-4.11E-05,0,0,0
666,-0.077415407,-0.077415407,-0.077415392,-0.077415317,-0.043679379,-0.001027232,-4.11E-05,0,0,0
667,-0.077415407,-0.077415407,-0.077415392,-0.077415317,-0.043679379,-0.001027232,-4.11E-05,0,0,0
668,-0.077415407,-0.077415407,-0.077415392,-0.077415317,-0.043679379,-0.001027231,-4.11E-05,0,0,0
669,-0.077415407,-0.077415407,-0.077415392,-0.077415317,-0.043679379,-0.001027231,-4.11E-05,0,0,0
670,-0.077415407,-0.077415407,-0.077415392,-0.077415317,-0.043679379,-0.001027231,-4.11E-05,0,0,0
671,-0.077415407,-0.077415407,-0.077415392,-0.077415317,-0.043679379,-0.001027231,-4.11E-05,0,0,0
672,-0.077415407,-0.077415407,-0.077415392,-0.077415317,-0.043679379,-0.001027231,-4.11E-05,0,0,0
673,-0.077415407,-0.077415407,-0.077415392,-0.077415317,-0.043679371,-0.00102723,-4.11E-05,0,0,0
674,-0.077415407,-0.077415407,-0.077415392,-0.077415317,-0.043679371,-0.00102723,-4.11E-05,0,0,0
675,-0.077415407,-0.077415407,-0.077415392,-0.077415317,-0.043679371,-0.00102723,-4.11E-05,0,0,0
676,-0.077415407,-0.077415407,-0.077415392,-0.077415317,-0.043679375,-0.00102723,-4.11E-05,0,0,0
677,-0.077415407,-0.077415407,-0.077415392,-0.077415317,-0.043679371,-0.001027229,-4.11E-05,0,0,0
678,-0.077415407,-0.077415407,-0.077415392,-0.077415317,-0.043679371,-0.001027229,-4.11E-05,0,0,0
679,-0.077415407,-0.077415407,-0.077415392,-0.077415317,-0.043679371,-0.001027229,-4.11E-05,0,0,0
680,-0.077415407,-0.077415407,-0.077415392,-0.077415317,-0.043679371,-0.001027229,-4.11E-05,0,0,0
681,-0.077415407,-0.077415407,-0.077415392,-0.077415317,-0.043679371,-0.001027229,-4.11E-05,0,0,0
682,-0.077415407,-0.077415407,-0.077415392,-0.077415317,-0.043679371,-0.001027228,-4.11E-05,0,0,0
683,-0.077415407,-0.077415407,-0.077415392,-0.077415317,-0.043679368,-0.001027228,-4.11E-05,0,0,0
684,-0.077415407,-0.077415407,-0.077415392,-0.077415317,-0.043679364,-0.001027228,-4.11E-05,0,0,0
685,-0.077415407,-0.077415407,-0.077415392,-0.077415317,-0.043679364,-0.001027228,-4.11E-05,0,0,0
686,-0.077415407,-0.077415407,-0.077415392,-0.077415317,-0.043679364,-0.001027227,-4.11E-05,0,0,0
687,-0.077415407,-0.077415407,-0.077415392,-0.077415317,-0.043679364,-0.001027227,-4.11E-05,0,0,0
688,-0.077415407,-0.077415407,-0.077415392,-0.07741531,-0.043679364,-0.001027227,-4.11E-05,0,0,0
689,-0.077415407,-0.077415407,-0.077415392,-0.07741531,-0.043679364,-0.001027227,-4.11E-05,0,0,0
690,-0.077415407,-0.077415407,-0.077415392,-0.07741531,-0.043679364,-0.001027226,-4.11E-05,0,0,0
691,-0.077415407,-0.077415407,-0.077415392,-0.07741531,-0.043679364,-0.001027226,-4.11E-05,0,0,0
692,-0.077415407,-0.077415407,-0.077415392,-0.07741531,-0.043679364,-0.001027226,-4.11E-05,0,0,0
693,-0.077415407,-0.077415407,-0.077415392,-0.07741531,-0.043679364,-0.001027225,-4.11E-05,0,0,0
694,-0.077415407,-0.077415407,-0.077415392,-0.07741531,-0.04367936,-0.001027225,-4.11E-05,0,0,0
695,-0.077415407,-0.077415407,-0.077415392,-0.07741531,-0.04367936,-0.001027225,-4.11E-05,0,0,0
696,-0.077415407,-0.077415407,-0.077415392,-0.07741531,-0.043679357,-0.001027224,-4.11E-05,0,0,0
697,-0.077415407,-0.077415407,-0.077415392,-0.07741531,-0.043679357,-0.001027224,-4.11E-05,0,0,0
698,-0.077415407,-0.077415407,-0.077415392,-0.07741531,-0.043679357,-0.001027224,-4.11E-05,0,0,0
699,-0.077415407,-0.077415407,-0.077415392,-0.07741531,-0.043679357,-0.001027224,-4.11E-05,0,0,0
700,-0.077415407,-0.077415407,-0.077415392,-0.07741531,-0.043679357,-0.001027223,-4.11E-05,0,0,0
701,-0.077415407,-0.077415407,-0.077415392,-0.07741531,-0.043679357,-0.001027223,-4.11E-05,0,0,0
702,-0.077415407,-0.077415407,-0.077415392,-0.07741531,-0.043679353,-0.001027223,-4.11E-05,0,0,0
703,-0.077415407,-0.077415407,-0.077415392,-0.07741531,-0.043679349,-0.001027222,-4.11E-05,0,0,0
704,-0.077415407,-0.077415407,-0.077415392,-0.07741531,-0.043679349,-0.001027222,-4.11E-05,0,0,0
705,-0.077415407,-0.077415407,-0.077415392,-0.07741531,-0.043679353,-0.001027222,-4.11E-05,0,0,0
706,-0.077415407,-0.077415407,-0.077415392,-0.07741531,-0.043679349,-0.001027221,-4.11E-05,0,0,0
707,-0.077415407,-0.077415407,-0.077415392,-0.07741531,-0.043679349,-0.001027221,-4.11E-05,0,0,0
708,-0.077415407,-0.077415407,-0.077415392,-0.07741531,-0.043679349,-0.001027221,-4.11E-05,0,0,0
709,-0.077415407,-0.077415407,-0.077415392,-0.07741531,-0.043679349,-0.00102722,-4.11E-05,0,0,0
710,-0.077415407,-0.077415407,-0.077415392,-0.07741531,-0.043679349,-0.00102722,-4.11E-05,0,0,0
711,-0.077415407,-0.077415407,-0.077415392,-0.07741531,-0.043679349,-0.001027219,-4.11E-05,0,0,0
712,-0.077415407,-0.077415407,-0.077415392,-0.07741531,-0.043679349,-0.001027219,-4.11E-05,0,0,0
713,-0.077415407,-0.077415407,-0.077415392,-0.07741531,-0.043679349,-0.001027219,-4.11E-05,0,0,0
714,-0.077415407,-0.077415407,-0.077415392,-0.07741531,-0.043679349,-0.001027218,-4.11E-05,0,0,0
715,-0.077415407,-0.077415407,-0.077415392,-0.07741531,-0.043679349,-0.001027218,-4.11E-05,0,0,0
716,-0.077415407,-0.077415407,-0.077415392,-0.07741531,-0.043679345,-0.001027217,-4.11E-05,0,0,0
717,-0.077415407,-0.077415407,-0.077415392,-0.07741531,-0.043679349,-0.001027217,-4.11E-05,0,0,0
718,-0.077415407,-0.077415407,-0.077415392,-0.07741531,-0.043679345,-0.001027217,-4.11E-05,0,0,0
719,-0.077415407,-0.077415407,-0.077415392,-0.07741531,-0.043679345,-0.001027216,-4.11E-05,0,0,0
720,-0.077415407,-0.077415407,-0.077415392,-0.07741531,-0.043679342,-0.001027216,-4.11E-05,0,0,0
721,-0.077415407,-0.077415407,-0.077415392,-0.07741531,-0.043679342,-0.001027215,-4.11E-05,0,0,0
722,-0.077415407,-0.077415407,-0.077415392,-0.07741531,-0.043679342,-0.001027215,-4.11E-05,0,0,0
723,-0.077415407,-0.077415407,-0.077415392,-0.07741531,-0.043679342,-0.001027214,-4.11E-05,0,0,0
724,-0.077415407,-0.077415407,-0.077415392,-0.07741531,-0.043679338,-0.001027214,-4.11E-05,0,0,0
725,-0.077415407,-0.077415407,-0.077415392,-0.07741531,-0.043679334,-0.001027213,-4.11E-05,0,0,0
726,-0.077415407,-0.077415407,-0.077415392,-0.07741531,-0.043679334,-0.001027213,-4.11E-05,0,0,0
727,-0.077415407,-0.077415407,-0.077415392,-0.07741531,-0.043679334,-0.001027212,-4.11E-05,0,0,0
728,-0.077415407,-0.077415407,-0.077415392,-0.077415302,-0.043679334,-0.001027212,-4.11E-05,0,0,0
729,-0.077415407,-0.077415407,-0.077415392,-0.077415302,-0.043679334,-0.001027211,-4.11E-05,0,0,0
730,-0.077415407,-0.077415407,-0.077415392,-0.077415302,-0.043679334,-0.001027211,-4.11E-05,0,0,0
731,-0.077415407,-0.077415407,-0.077415392,-0.077415302,-0.043679334,-0.00102721,-4.11E-05,0,0,0
732,-0.077415407,-0.077415407,-0.077415392,-0.077415302,-0.04367933,-0.001027209,-4.11E-05,0,0,0
733,-0.077415407,-0.077415407,-0.077415392,-0.077415302,-0.04367933,-0.001027209,-4.11E-05,0,0,0
734,-0.077415407,-0.077415407,-0.077415392,-0.077415302,-0.04367933,-0.001027208,-4.11E-05,0,0,0
735,-0.077415407,-0.077415407,-0.077415392,-0.077415302,-0.043679327,-0.001027207,-4.11E-05,0,0,0
736,-0.077415407,-0.077415407,-0.077415392,-0.077415302,-0.043679327,-0.001027207,-4.11E-05,0,0,0
737,-0.077415407,-0.077415407,-0.077415392,-0.077415302,-0.043679327,-0.001027206,-4.11E-05,0,0,0
738,-0.077415407,-0.077415407,-0.077415392,-0.077415302,-0.043679327,-0.001027205,-4.11E-05,0,0,0
739,-0.077415407,-0.077415407,-0.077415392,-0.077415302,-0.043679323,-0.001027205,-4.11E-05,0,0,0
740,-0.077415407,-0.077415407,-0.077415392,-0.077415302,-0.043679323,-0.001027204,-4.11E-05,0,0,0
741,-0.077415407,-0.077415407,-0.077415392,-0.077415302,-0.043679323,-0.001027203,-4.11E-05,0,0,0
742,-0.077415407,-0.077415407,-0.077415392,-0.077415302,-0.043679319,-0.001027202,-4.11E-05,0,0,0
743,-0.077415407,-0.077415407,-0.077415392,-0.077415302,-0.043679319,-0.001027202,-4.11E-05,0,0,0
744,-0.077415407,-0.077415407,-0.077415392,-0.077415302,-0.043679319,-0.001027201,-4.11E-05,0,0,0
745,-0.077415407,-0.077415407,-0.077415392,-0.077415302,-0.043679319,-0.0010272,-4.11E-05,0,0,0
746,-0.077415407,-0.077415407,-0.077415392,-0.077415302,-0.043679319,-0.001027199,-4.11E-05,0,0,0
747,-0.077415407,-0.077415407,-0.077415392,-0.077415302,-0.043679319,-0.001027198,-4.11E-05,0,0,0
748,-0.077415407,-0.077415407,-0.077415392,-0.077415302,-0.043679319,-0.001027197,-4.11E-05,0,0,0
749,-0.077415407,-0.077415407,-0.077415392,-0.077415302,-0.043679319,-0.001027196,-4.11E-05,0,0,0
750,-0.077415407,-0.077415407,-0.077415392,-0.077415302,-0.043679312,-0.001027195,-4.11E-05,0,0,0
751,-0.077415407,-0.077415407,-0.077415392,-0.077415302,-0.043679312,-0.001027194,-4.11E-05,0,0,0
752,-0.077415407,-0.077415407,-0.077415392,-0.077415302,-0.043679312,-0.001027193,-4.11E-05,0,0,0
753,-0.077415407,-0.077415407,-0.077415392,-0.077415302,-0.043679312,-0.001027192,-4.11E-05,0,0,0
754,-0.077415407,-0.077415407,-0.077415392,-0.077415295,-0.043679312,-0.001027191,-4.11E-05,0,0,0
755,-0.077415407,-0.077415407,-0.077415392,-0.077415295,-0.043679312,-0.001027189,-4.11E-05,0,0,0
756,-0.077415407,-0.077415407,-0.077415392,-0.077415295,-0.043679308,-0.001027188,-4.11E-05,0,0,0
757,-0.077415407,-0.077415407,-0.077415392,-0.077415295,-0.043679308,-0.001027187,-4.11E-05,0,0,0
758,-0.077415407,-0.077415407,-0.077415392,-0.077415295,-0.043679308,-0.001027185,-4.11E-05,0,0,0
759,-0.077415407,-0.077415407,-0.077415392,-0.077415295,-0.043679304,-0.001027184,-4.11E-05,0,0,0
760,-0.077415407,-0.077415407,-0.077415392,-0.077415295,-0.043679304,-0.001027182,-4.11E-05,0,0,0
761,-0.077415407,-0.077415407,-0.077415392,-0.077415295,-0.043679304,-0.001027181,-4.11E-05,0,0,0
762,-0.077415407,-0.077415407,-0.077415392,-0.077415295,-0.043679304,-0.001027179,-4.11E-05,0,0,0
763,-0.077415407,-0.077415407,-0.077415392,-0.077415295,-0.043679304,-0.001027177,-4.11E-05,0,0,0
764,-0.077415407,-0.077415407,-0.077415392,-0.077415295,-0.043679304,-0.001027175,-4.11E-05,0,0,0
765,-0.077415407,-0.077415407,-0.077415392,-0.077415302,-0.043679301,-0.001027173,-4.11E-05,0,0,0
766,-0.077415407,-0.077415407,-0.077415392,-0.077415302,-0.043679301,-0.001027171,-4.11E-05,0,0,0
767,-0.077415407,-0.077415407,-0.077415392,-0.077415302,-0.043679301,-0.001027169,-4.11E-05,0,0,0
768,-0.077415407,-0.077415407,-0.077415392,-0.077415302,-0.043679301,-0.001027166,-4.11E-05,0,0,0
769,-0.077415407,-0.077415407,-0.077415392,-0.077415302,-0.043679301,-0.001027164,-4.11E-05,0,0,0
770,-0.077415407,-0.077415407,-0.077415392,-0.077415302,-0.043679301,-0.001027161,-4.11E-05,0,0,0
771,-0.077415407,-0.077415407,-0.077415392,-0.077415302,-0.043679301,-0.001027158,-4.11E-05,0,0,0
772,-0.077415407,-0.077415407,-0.077415392,-0.077415302,-0.043679297,-0.001027155,-4.11E-05,0,0,0
773,-0.077415407,-0.077415407,-0.077415392,-0.077415302,-0.043679297,-0.001027152,-4.11E-05,0,0,0
774,-0.077415407,-0.077415407,-0.077415392,-0.077415302,-0.043679297,-0.001027148,-4.11E-05,0,0,0
775,-0.077415407,-0.077415407,-0.077415392,-0.077415302,-0.043679297,-0.001027144,-4.11E-05,0,0,0
776,-0.077415407,-0.077415407,-0.077415392,-0.077415302,-0.043679297,-0.00102714,-4.11E-05,0,0,0
777,-0.077415407,-0.077415407,-0.077415392,-0.077415302,-0.043679293,-0.001027135,-4.11E-05,0,0,0
778,-0.077415407,-0.077415407,-0.077415392,-0.077415302,-0.04367929,-0.001027129,-4.11E-05,0,0,0
779,-0.077415407,-0.077415407,-0.077415392,-0.077415302,-0.04367929,-0.001027124,-4.11E-05,0,0,0
780,-0.077415407,-0.077415407,-0.077415392,-0.077415302,-0.043679286,-0.001027117,-4.11E-05,0,0,0
781,-0.077415407,-0.077415407,-0.077415392,-0.077415302,-0.043679282,-0.001027109,-4.11E-05,0,0,0
782,-0.077415407,-0.077415407,-0.077415392,-0.077415302,-0.043679282,-0.0010271,-4.11E-05,0,0,0
783,-0.077415407,-0.077415407,-0.077415392,-0.077415302,-0.043679282,-0.00102709,-4.11E-05,0,0,0
784,-0.077415407,-0.077415407,-0.077415392,-0.077415302,-0.043679282,-0.001027077,-4.11E-05,0,0,0
785,-0.077415407,-0.077415407,-0.077415392,-0.077415302,-0.043679282,-0.001027062,-4.11E-05,0,0,0
786,-0.077415407,-0.077415407,-0.077415392,-0.077415302,-0.043679282,-0.001027043,-4.11E-05,0,0,0
787,-0.077415407,-0.077415407,-0.077415392,-0.077415302,-0.043679282,-0.001027018,-4.11E-05,0,0,0
788,-0.077415407,-0.077415407,-0.077415392,-0.077415302,-0.043679282,-0.001026984,-4.11E-05,0,0,0
789,-0.077415407,-0.077415407,-0.077415392,-0.077415287,-0.043679275,-0.001026933,-4.11E-05,0,0,0
790,-0.077415407,-0.077415407,-0.077415392,-0.077415287,-0.043679275,-0.001026843,-4.11E-05,0,0,0
791,-0.077415407,-0.077415407,-0.077415392,-0.077415287,-0.043679275,-0.001026635,-4.11E-05,0,0,0
792,-0.077415407,-0.077415407,-0.077415392,-0.077415287,-0.043679275,-0.001025073,-4.11E-05,0,0,0
793,-0.077415407,-0.077415407,-0.077415392,-0.077415287,-0.043679275,-4.11E-05,-4.11E-05,0,0,0
794,-0.077415407,-0.077415407,-0.077415392,-0.077415295,-0.043679271,-4.11E-05,-4.11E-05,0,0,0
795,-0.077415407,-0.077415407,-0.077415392,-0.077415295,-0.043679267,-4.11E-05,-4.11E-05,0,0,0
796,-0.077415407,-0.077415407,-0.077415392,-0.077415295,-0.043679267,-4.11E-05,-4.11E-05,0,0,0
797,-0.077415407,-0.077415407,-0.077415392,-0.077415295,-0.043679267,-4.11E-05,-4.11E-05,0,0,0
798,-0.077415407,-0.077415407,-0.077415392,-0.077415295,-0.043679267,-4.11E-05,-4.11E-05,0,0,0
799,-0.077415407,-0.077415407,-0.077415392,-0.077415287,-0.043679267,-4.11E-05,-4.11E-05,0,0,0
800,-0.077415407,-0.077415407,-0.077415392,-0.077415287,-0.043679263,-4.11E-05,-4.11E-05,0,0,0
801,-0.077415407,-0.077415407,-0.077415392,-0.077415287,-0.043679263,-4.11E-05,-4.11E-05,0,0,0
802,-0.077415407,-0.077415407,-0.077415392,-0.077415287,-0.043679263,-4.11E-05,-4.11E-05,0,0,0
803,-0.077415407,-0.077415407,-0.077415392,-0.077415287,-0.04367926,-4.11E-05,-4.11E-05,0,0,0
804,-0.077415407,-0.077415407,-0.077415392,-0.077415287,-0.04367926,-4.11E-05,-4.11E-05,0,0,0
805,-0.077415407,-0.077415407,-0.077415392,-0.077415287,-0.04367926,-4.11E-05,-4.11E-05,0,0,0
806,-0.077415407,-0.077415407,-0.077415392,-0.077415287,-0.04367926,-4.11E-05,-4.11E-05,0,0,0
807,-0.077415407,-0.077415407,-0.077415392,-0.077415287,-0.043679256,-4.11E-05,-4.11E-05,0,0,0
808,-0.077415407,-0.077415407,-0.077415392,-0.077415287,-0.043679252,-4.11E-05,-4.11E-05,0,0,0
809,-0.077415407,-0.077415407,-0.077415392,-0.077415287,-0.043679252,-4.11E-05,-4.11E-05,0,0,0
810,-0.077415407,-0.077415407,-0.077415392,-0.077415287,-0.043679252,-4.11E-05,-4.11E-05,0,0,0
811,-0.077415407,-0.077415407,-0.077415392,-0.077415287,-0.043679252,-4.11E-05,-4.11E-05,0,0,0
812,-0.077415407,-0.077415407,-0.077415392,-0.077415287,-0.043679252,-4.11E-05,-4.11E-05,0,0,0
813,-0.077415407,-0.077415407,-0.077415392,-0.077415287,-0.043679252,-4.11E-05,-4.11E-05,0,0,0
814,-0.077415407,-0.077415407,-0.077415392,-0.077415287,-0.043679252,-4.11E-05,-4.11E-05,0,0,0
815,-0.077415407,-0.077415407,-0.077415392,-0.077415287,-0.043679245,-4.11E-05,-4.11E-05,0,0,0
816,-0.077415407,-0.077415407,-0.077415392,-0.077415287,-0.043679245,-4.11E-05,-4.11E-05,0,0,0
817,-0.077415407,-0.077415407,-0.077415392,-0.077415287,-0.043679245,-4.11E-05,-4.11E-05,0,0,0
818,-0.077415407,-0.077415407,-0.077415392,-0.077415287,-0.043679245,-4.11E-05,-4.11E-05,0,0,0
819,-0.077415407,-0.077415407,-0.077415392,-0.077415287,-0.043679237,-4.11E-05,-4.11E-05,0,0,0
820,-0.077415407,-0.077415407,-0.077415392,-0.077415287,-0.043679237,-4.11E-05,-4.11E-05,0,0,0
821,-0.077415407,-0.077415407,-0.077415392,-0.077415287,-0.043679237,-4.11E-05,-4.11E-05,0,0,0
822,-0.077415407,-0.077415407,-0.077415392,-0.077415287,-0.043679237,-4.11E-05,-4.11E-05,0,0,0
823,-0.077415407,-0.077415407,-0.077415392,-0.077415287,-0.043679237,-4.11E-05,-4.11E-05,0,0,0
824,-0.077415407,-0.077415407,-0.077415392,-0.077415287,-0.043679234,-4.11E-05,-4.11E-05,0,0,0
825,-0.077415407,-0.077415407,-0.077415392,-0.077415287,-0.043679234,-4.11E-05,-4.11E-05,0,0,0
826,-0.077415407,-0.077415407,-0.077415392,-0.077415287,-0.043679234,-4.11E-05,-4.11E-05,0,0,0
827,-0.077415407,-0.077415407,-0.077415392,-0.077415287,-0.04367923,-4.11E-05,-4.11E-05,0,0,0
828,-0.077415407,-0.077415407,-0.077415392,-0.077415287,-0.04367923,-4.11E-05,-4.11E-05,0,0,0
829,-0.077415407,-0.077415407,-0.077415392,-0.077415287,-0.04367923,-4.11E-05,-4.11E-05,0,0,0
830,-0.077415407,-0.077415407,-0.077415392,-0.077415287,-0.04367923,-4.11E-05,-4.11E-05,0,0,0
831,-0.077415407,-0.077415407,-0.077415392,-0.077415287,-0.043679222,-4.11E-05,-4.11E-05,0,0,0
832,-0.077415407,-0.077415407,-0.077415392,-0.077415287,-0.043679222,-4.11E-05,-4.11E-05,0,0,0
833,-0.077415407,-0.077415407,-0.077415392,-0.077415287,-0.043679222,-4.11E-05,-4.11E-05,0,0,0
834,-0.077415407,-0.077415407,-0.077415392,-0.077415287,-0.043679219,-4.11E-05,-4.11E-05,0,0,0
835,-0.077415407,-0.077415407,-0.077415392,-0.077415287,-0.043679219,-4.11E-05,-4.11E-05,0,0,0
836,-0.077415407,-0.077415407,-0.077415392,-0.077415287,-0.043679215,-4.11E-05,-4.11E-05,0,0,0
837,-0.077415407,-0.077415407,-0.077415392,-0.077415287,-0.043679215,-4.11E-05,-4.11E-05,0,0,0
838,-0.077415407,-0.077415407,-0.077415392,-0.077415287,-0.043679215,-4.11E-05,-4.11E-05,0,0,0
839,-0.077415407,-0.077415407,-0.077415392,-0.077415287,-0.043679215,-4.11E-05,-4.11E-05,0,0,0
840,-0.077415407,-0.077415407,-0.077415392,-0.077415287,-0.043679215,-4.11E-05,-4.11E-05,0,0,0
841,-0.077415407,-0.077415407,-0.077415392,-0.077415287,-0.043679215,-4.11E-05,-4.11E-05,0,0,0
842,-0.077415407,-0.077415407,-0.077415392,-0.077415287,-0.043679211,-4.11E-05,-4.11E-05,0,0,0
843,-0.077415407,-0.077415407,-0.077415392,-0.077415287,-0.043679208,-4.11E-05,-4.11E-05,0,0,0
844,-0.077415407,-0.077415407,-0.077415392,-0.077415287,-0.043679208,-4.11E-05,-4.11E-05,0,0,0
845,-0.077415407,-0.077415407,-0.077415392,-0.077415287,-0.043679208,-4.11E-05,-4.11E-05,0,0,0
846,-0.077415407,-0.077415407,-0.077415392,-0.07741528,-0.043679208,-4.11E-05,-4.11E-05,0,0,0
847,-0.077415407,-0.077415407,-0.077415392,-0.07741528,-0.043679208,-4.11E-05,-4.11E-05,0,0,0
848,-0.077415407,-0.077415407,-0.077415392,-0.07741528,-0.0436792,-4.11E-05,-4.11E-05,0,0,0
849,-0.077415407,-0.077415407,-0.077415392,-0.07741528,-0.0436792,-4.11E-05,-4.11E-05,0,0,0
850,-0.077415407,-0.077415407,-0.077415392,-0.07741528,-0.043679196,-4.11E-05,-4.11E-05,0,0,0
851,-0.077415407,-0.077415407,-0.077415392,-0.07741528,-0.043679193,-4.11E-05,-4.11E-05,0,0,0
852,-0.077415407,-0.077415407,-0.077415392,-0.07741528,-0.043679193,-4.11E-05,-4.11E-05,0,0,0
853,-0.077415407,-0.077415407,-0.077415392,-0.07741528,-0.043679193,-4.11E-05,-4.11E-05,0,0,0
854,-0.077415407,-0.077415407,-0.077415392,-0.07741528,-0.043679193,-4.11E-05,-4.11E-05,0,0,0
855,-0.077415407,-0.077415407,-0.077415392,-0.07741528,-0.043679193,-4.11E-05,-4.11E-05,0,0,0
856,-0.077415407,-0.077415407,-0.077415392,-0.07741528,-0.043679189,-4.11E-05,-4.11E-05,0,0,0
857,-0.077415407,-0.077415407,-0.077415392,-0.07741528,-0.043679185,-4.11E-05,-4.11E-05,0,0,0
858,-0.077415407,-0.077415407,-0.077415392,-0.07741528,-0.043679185,-4.11E-05,-4.11E-05,0,0,0
859,-0.077415407,-0.077415407,-0.077415392,-0.07741528,-0.043679178,-4.11E-05,-4.11E-05,0,0,0
860,-0.077415407,-0.077415407,-0.077415392,-0.07741528,-0.043679178,-4.11E-05,-4.11E-05,0,0,0
861,-0.077415407,-0.077415407,-0.077415392,-0.07741528,-0.043679178,-4.11E-05,-4.11E-05,0,0,0
862,-0.077415407,-0.077415407,-0.077415392,-0.07741528,-0.043679178,-4.11E-05,-4.11E-05,0,0,0
863,-0.077415407,-0.077415407,-0.077415392,-0.07741528,-0.043679174,-4.11E-05,-4.11E-05,0,0,0
864,-0.077415407,-0.077415407,-0.077415392,-0.077415273,-0.043679174,-4.11E-05,-4.11E-05,0,0,0
865,-0.077415407,-0.077415407,-0.077415392,-0.077415273,-0.04367917,-4.11E-05,-4.11E-05,0,0,0
866,-0.077415407,-0.077415407,-0.077415392,-0.077415273,-0.04367917,-4.11E-05,-4.11E-05,0,0,0
867,-0.077415407,-0.077415407,-0.077415392,-0.077415273,-0.04367917,-4.11E-05,-4.11E-05,0,0,0
868,-0.077415407,-0.077415407,-0.077415392,-0.077415273,-0.043679167,-4.11E-05,-4.11E-05,0,0,0
869,-0.077415407,-0.077415407,-0.077415392,-0.077415273,-0.043679167,-4.11E-05,-4.11E-05,0,0,0
870,-0.077415407,-0.077415407,-0.077415392,-0.077415273,-0.043679163,-4.11E-05,-4.11E-05,0,0,0
871,-0.077415407,-0.077415407,-0.077415392,-0.077415273,-0.043679163,-4.11E-05,-4.11E-05,0,0,0
872,-0.077415407,-0.077415407,-0.077415392,-0.077415273,-0.043679163,-4.11E-05,-4.11E-05,0,0,0
873,-0.077415407,-0.077415407,-0.077415392,-0.077415273,-0.043679159,-4.11E-05,-4.11E-05,0,0,0
874,-0.077415407,-0.077415407,-0.077415392,-0.077415273,-0.043679155,-4.11E-05,-4.11E-05,0,0,0
875,-0.077415407,-0.077415407,-0.077415392,-0.077415273,-0.043679155,-4.11E-05,-4.11E-05,0,0,0
876,-0.077415407,-0.077415407,-0.077415392,-0.077415273,-0.043679155,-4.11E-05,-4.11E-05,0,0,0
877,-0.077415407,-0.077415407,-0.077415392,-0.077415273,-0.043679152,-4.11E-05,-4.11E-05,0,0,0
878,-0.077415407,-0.077415407,-0.077415392,-0.077415273,-0.043679148,-4.11E-05,-4.11E-05,0,0,0
879,-0.077415407,-0.077415407,-0.077415392,-0.077415273,-0.043679144,-4.11E-05,-4.11E-05,0,0,0
880,-0.077415407,-0.077415407,-0.077415392,-0.077415273,-0.043679144,-4.11E-05,-4.11E-05,0,0,0
881,-0.077415407,-0.077415407,-0.077415392,-0.077415273,-0.043679141,-4.11E-05,-4.11E-05,0,0,0
882,-0.077415407,-0.077415407,-0.077415392,-0.077415273,-0.043679141,-4.11E-05,-4.11E-05,0,0,0
883,-0.077415407,-0.077415407,-0.077415392,-0.077415273,-0.043679141,-4.11E-05,-4.11E-05,0,0,0
884,-0.077415407,-0.077415407,-0.077415392,-0.077415273,-0.043679137,-4.11E-05,-4.11E-05,0,0,0
885,-0.077415407,-0.077415407,-0.077415392,-0.077415273,-0.043679133,-4.11E-05,-4.11E-05,0,0,0
886,-0.077415407,-0.077415407,-0.077415392,-0.077415273,-0.043679133,-4.11E-05,-4.11E-05,0,0,0
887,-0.077415407,-0.077415407,-0.077415392,-0.077415273,-0.043679133,-4.11E-05,-4.11E-05,0,0,0
888,-0.077415407,-0.077415407,-0.077415392,-0.077415273,-0.043679129,-4.11E-05,-4.11E-05,0,0,0
889,-0.077415407,-0.077415407,-0.077415392,-0.077415273,-0.043679126,-4.11E-05,-4.11E-05,0,0,0
890,-0.077415407,-0.077415407,-0.077415392,-0.077415273,-0.043679122,-4.11E-05,-4.11E-05,0,0,0
891,-0.077415407,-0.077415407,-0.077415392,-0.077415273,-0.043679118,-4.11E-05,-4.11E-05,0,0,0
892,-0.077415407,-0.077415407,-0.077415392,-0.077415273,-0.043679114,-4.11E-05,-4.11E-05,0,0,0
893,-0.077415407,-0.077415407,-0.077415392,-0.077415273,-0.043679111,-4.11E-05,-4.11E-05,0,0,0
894,-0.077415407,-0.077415407,-0.077415392,-0.077415273,-0.043679111,-4.11E-05,-4.11E-05,0,0,0
895,-0.077415407,-0.077415407,-0.077415392,-0.077415273,-0.043679107,-4.11E-05,-4.11E-05,0,0,0
896,-0.077415407,-0.077415407,-0.077415392,-0.077415273,-0.043679107,-4.11E-05,-4.11E-05,0,0,0
897,-0.077415407,-0.077415407,-0.077415392,-0.077415273,-0.043679103,-4.11E-05,-4.11E-05,0,0,0
898,-0.077415407,-0.077415407,-0.077415392,-0.077415273,-0.043679103,-4.11E-05,-4.11E-05,0,0,0
899,-0.077415407,-0.077415407,-0.077415392,-0.077415273,-0.0436791,-4.11E-05,-4.11E-05,0,0,0
900,-0.077415407,-0.077415407,-0.077415392,-0.077415273,-0.043679096,-4.11E-05,-4.11E-05,0,0,0
901,-0.077415407,-0.077415407,-0.077415392,-0.077415273,-0.043679096,-4.11E-05,-4.11E-05,0,0,0
902,-0.077415407,-0.077415407,-0.077415392,-0.077415265,-0.043679092,-4.11E-05,-4.11E-05,0,0,0
903,-0.077415407,-0.077415407,-0.077415392,-0.077415265,-0.043679088,-4.11E-05,-4.11E-05,0,0,0
904,-0.077415407,-0.077415407,-0.077415392,-0.077415265,-0.043679088,-4.11E-05,-4.11E-05,0,0,0
905,-0.077415407,-0.077415407,-0.077415392,-0.077415265,-0.043679081,-4.11E-05,-4.11E-05,0,0,0
906,-0.077415407,-0.077415407,-0.077415392,-0.077415265,-0.043679081,-4.11E-05,-4.11E-05,0,0,0
907,-0.077415407,-0.077415407,-0.077415392,-0.077415265,-0.043679073,-4.11E-05,-4.11E-05,0,0,0
908,-0.077415407,-0.077415407,-0.077415392,-0.077415265,-0.043679073,-4.11E-05,-4.11E-05,0,0,0
909,-0.077415407,-0.077415407,-0.077415392,-0.077415265,-0.04367907,-4.11E-05,-4.11E-05,0,0,0
910,-0.077415407,-0.077415407,-0.077415392,-0.077415265,-0.04367907,-4.11E-05,-4.11E-05,0,0,0
911,-0.077415407,-0.077415407,-0.077415392,-0.077415265,-0.043679066,-4.11E-05,-4.11E-05,0,0,0
912,-0.077415407,-0.077415407,-0.077415392,-0.077415265,-0.043679066,-4.11E-05,-4.11E-05,0,0,0
913,-0.077415407,-0.077415407,-0.077415392,-0.077415265,-0.043679059,-4.11E-05,-4.11E-05,0,0,0
914,-0.077415407,-0.077415407,-0.077415392,-0.077415265,-0.043679059,-4.11E-05,-4.11E-05,0,0,0
915,-0.077415407,-0.077415407,-0.077415392,-0.077415265,-0.043679059,-4.11E-05,-4.11E-05,0,0,0
916,-0.077415407,-0.077415407,-0.077415392,-0.077415265,-0.043679051,-4.11E-05,-4.11E-05,0,0,0
917,-0.077415407,-0.077415407,-0.077415392,-0.077415265,-0.043679051,-4.11E-05,-4.11E-05,0,0,0
918,-0.077415407,-0.077415407,-0.077415392,-0.077415265,-0.043679044,-4.11E-05,-4.11E-05,0,0,0
919,-0.077415407,-0.077415407,-0.077415392,-0.077415265,-0.043679044,-4.11E-05,-4.11E-05,0,0,0
920,-0.077415407,-0.077415407,-0.077415392,-0.077415265,-0.04367904,-4.11E-05,-4.11E-05,0,0,0
921,-0.077415407,-0.077415407,-0.077415392,-0.077415265,-0.043679036,-4.11E-05,-4.11E-05,0,0,0
922,-0.077415407,-0.077415407,-0.077415392,-0.077415265,-0.043679032,-4.11E-05,-4.11E-05,0,0,0
923,-0.077415407,-0.077415407,-0.077415392,-0.077415265,-0.043679029,-4.11E-05,-4.11E-05,0,0,0
924,-0.077415407,-0.077415407,-0.077415392,-0.077415265,-0.043679025,-4.11E-05,-4.11E-05,0,0,0
925,-0.077415407,-0.077415407,-0.077415392,-0.077415265,-0.043679021,-4.11E-05,-4.11E-05,0,0,0
926,-0.077415407,-0.077415407,-0.077415392,-0.077415265,-0.043679018,-4.11E-05,-4.11E-05,0,0,0
927,-0.077415407,-0.077415407,-0.077415392,-0.077415265,-0.043679014,-4.11E-05,-4.11E-05,0,0,0
928,-0.077415407,-0.077415407,-0.077415392,-0.077415265,-0.043679014,-4.11E-05,-4.11E-05,0,0,0
929,-0.077415407,-0.077415407,-0.077415392,-0.077415258,-0.04367901,-4.11E-05,-4.11E-05,0,0,0
930,-0.077415407,-0.077415407,-0.077415392,-0.077415258,-0.043679006,-4.11E-05,-4.11E-05,0,0,0
931,-0.077415407,-0.077415407,-0.077415392,-0.077415258,-0.043679003,-4.11E-05,-4.11E-05,0,0,0
932,-0.077415407,-0.077415407,-0.077415392,-0.077415258,-0.043678999,-4.11E-05,-4.11E-05,0,0,0
933,-0.077415407,-0.077415407,-0.077415392,-0.077415258,-0.043678991,-4.11E-05,-4.11E-05,0,0,0
934,-0.077415407,-0.077415407,-0.077415392,-0.077415258,-0.043678984,-4.11E-05,-4.11E-05,0,0,0
935,-0.077415407,-0.077415407,-0.077415392,-0.077415258,-0.043678984,-4.11E-05,-4.11E-05,0,0,0
936,-0.077415407,-0.077415407,-0.077415392,-0.077415258,-0.043678977,-4.11E-05,-4.11E-05,0,0,0
937,-0.077415407,-0.077415407,-0.077415392,-0.077415258,-0.043678977,-4.11E-05,-4.11E-05,0,0,0
938,-0.077415407,-0.077415407,-0.077415392,-0.077415258,-0.043678969,-4.11E-05,-4.11E-05,0,0,0
939,-0.077415407,-0.077415407,-0.077415392,-0.077415258,-0.043678965,-4.11E-05,-4.11E-05,0,0,0
940,-0.077415407,-0.077415407,-0.077415392,-0.077415258,-0.043678962,-4.11E-05,-4.11E-05,0,0,0
941,-0.077415407,-0.077415407,-0.077415392,-0.077415258,-0.043678954,-4.11E-05,-4.11E-05,0,0,0
942,-0.077415407,-0.077415407,-0.077415392,-0.077415258,-0.043678951,-4.11E-05,-4.11E-05,0,0,0
943,-0.077415407,-0.077415407,-0.077415392,-0.077415258,-0.043678943,-4.11E-05,-4.11E-05,0,0,0
944,-0.077415407,-0.077415407,-0.077415392,-0.077415258,-0.043678939,-4.11E-05,-4.11E-05,0,0,0
945,-0.077415407,-0.077415407,-0.077415392,-0.077415258,-0.043678936,-4.11E-05,-4.11E-05,0,0,0
946,-0.077415407,-0.077415407,-0.077415392,-0.077415258,-0.043678932,-4.11E-05,-4.11E-05,0,0,0
947,-0.077415407,-0.077415407,-0.077415392,-0.077415258,-0.043678924,-4.11E-05,-4.11E-05,0,0,0
948,-0.077415407,-0.077415407,-0.077415392,-0.077415258,-0.043678921,-4.11E-05,-4.11E-05,0,0,0
949,-0.077415407,-0.077415407,-0.077415392,-0.077415258,-0.043678917,-4.11E-05,-4.11E-05,0,0,0
950,-0.077415407,-0.077415407,-0.077415392,-0.077415258,-0.04367891,-4.11E-05,-4.11E-05,0,0,0
951,-0.077415407,-0.077415407,-0.077415392,-0.07741525,-0.043678902,-4.11E-05,-4.11E-05,0,0,0
952,-0.077415407,-0.077415407,-0.077415392,-0.07741525,-0.043678898,-4.11E-05,-4.11E-05,0,0,0
953,-0.077415407,-0.077415407,-0.077415392,-0.07741525,-0.043678887,-4.11E-05,-4.11E-05,0,0,0
954,-0.077415407,-0.077415407,-0.077415392,-0.07741525,-0.043678883,-4.11E-05,-4.11E-05,0,0,0
955,-0.077415407,-0.077415407,-0.077415392,-0.07741525,-0.043678876,-4.11E-05,-4.11E-05,0,0,0
956,-0.077415407,-0.077415407,-0.077415392,-0.07741525,-0.043678872,-4.11E-05,-4.11E-05,0,0,0
957,-0.077415407,-0.077415407,-0.077415392,-0.07741525,-0.043678865,-4.11E-05,-4.11E-05,0,0,0
958,-0.077415407,-0.077415407,-0.077415392,-0.07741525,-0.043678857,-4.11E-05,-4.11E-05,0,0,0
959,-0.077415407,-0.077415407,-0.077415392,-0.07741525,-0.04367885,-4.11E-05,-4.11E-05,0,0,0
960,-0.077415407,-0.077415407,-0.077415392,-0.07741525,-0.043678842,-4.11E-05,-4.11E-05,0,0,0
961,-0.077415407,-0.077415407,-0.077415392,-0.07741525,-0.043678835,-4.11E-05,-4.11E-05,0,0,0
962,-0.077415407,-0.077415407,-0.077415392,-0.07741525,-0.043678828,-4.11E-05,-4.11E-05,0,0,0
963,-0.077415407,-0.077415407,-0.077415392,-0.07741525,-0.04367882,-4.11E-05,-4.11E-05,0,0,0
964,-0.077415407,-0.077415407,-0.077415392,-0.07741525,-0.043678813,-4.11E-05,-4.11E-05,0,0,0
965,-0.077415407,-0.077415407,-0.077415392,-0.07741525,-0.043678798,-4.11E-05,-4.11E-05,0,0,0
966,-0.077415407,-0.077415407,-0.077415392,-0.07741525,-0.04367879,-4.11E-05,-4.11E-05,0,0,0
967,-0.077415407,-0.077415407,-0.077415392,-0.07741525,-0.043678783,-4.11E-05,-4.11E-05,0,0,0
968,-0.077415407,-0.077415407,-0.077415392,-0.07741525,-0.043678775,-4.11E-05,-4.11E-05,0,0,0
969,-0.077415407,-0.077415407,-0.077415392,-0.07741525,-0.043678764,-4.11E-05,-4.11E-05,0,0,0
970,-0.077415407,-0.077415407,-0.077415392,-0.07741525,-0.043678753,-4.11E-05,-4.11E-05,0,0,0
971,-0.077415407,-0.077415407,-0.077415392,-0.07741525,-0.043678746,-4.11E-05,-4.11E-05,0,0,0
972,-0.077415407,-0.077415407,-0.077415392,-0.07741525,-0.043678727,-4.11E-05,-4.11E-05,0,0,0
973,-0.077415407,-0.077415407,-0.077415392,-0.077415243,-0.04367872,-4.11E-05,-4.11E-05,0,0,0
974,-0.077415407,-0.077415407,-0.077415392,-0.077415243,-0.043678708,-4.11E-05,-4.11E-05,0,0,0
975,-0.077415407,-0.077415407,-0.077415392,-0.077415243,-0.043678693,-4.11E-05,-4.11E-05,0,0,0
976,-0.077415407,-0.077415407,-0.077415392,-0.077415243,-0.043678679,-4.11E-05,-4.11E-05,0,0,0
977,-0.077415407,-0.077415407,-0.077415392,-0.077415243,-0.043678664,-4.11E-05,-4.11E-05,0,0,0
978,-0.077415407,-0.077415407,-0.077415392,-0.077415243,-0.043678652,-4.11E-05,-4.11E-05,0,0,0
979,-0.077415407,-0.077415407,-0.077415392,-0.077415243,-0.043678638,-4.11E-05,-4.11E-05,0,0,0
980,-0.077415407,-0.077415407,-0.077415392,-0.077415243,-0.043678623,-4.11E-05,-4.11E-05,0,0,0
981,-0.077415407,-0.077415407,-0.077415392,-0.077415243,-0.043678604,-4.11E-05,-4.11E-05,0,0,0
982,-0.077415407,-0.077415407,-0.077415392,-0.077415243,-0.043678589,-4.11E-05,-4.11E-05,0,0,0
983,-0.077415407,-0.077415407,-0.077415392,-0.077415243,-0.043678567,-4.11E-05,-4.11E-05,0,0,0
984,-0.077415407,-0.077415407,-0.077415392,-0.077415243,-0.043678544,-4.11E-05,-4.11E-05,0,0,0
985,-0.077415407,-0.077415407,-0.077415392,-0.077415243,-0.043678526,-4.11E-05,-4.11E-05,0,0,0
986,-0.077415407,-0.077415407,-0.077415392,-0.077415243,-0.0436785,-4.11E-05,-4.11E-05,0,0,0
987,-0.077415407,-0.077415407,-0.077415392,-0.077415243,-0.043678477,-4.11E-05,-4.11E-05,0,0,0
988,-0.077415407,-0.077415407,-0.077415392,-0.077415243,-0.043678455,-4.11E-05,-4.11E-05,0,0,0
989,-0.077415407,-0.077415407,-0.077415392,-0.077415243,-0.043678425,-4.11E-05,-4.11E-05,0,0,0
990,-0.077415407,-0.077415407,-0.077415392,-0.077415243,-0.043678395,-4.11E-05,-4.11E-05,0,0,0
991,-0.077415407,-0.077415407,-0.077415392,-0.077415243,-0.043678366,-4.11E-05,-4.11E-05,0,0,0
992,-0.077415407,-0.077415407,-0.077415392,-0.077415243,-0.043678328,-4.11E-05,-4.11E-05,0,0,0
993,-0.077415407,-0.077415407,-0.077415392,-0.077415243,-0.043678291,-4.11E-05,-4.11E-05,0,0,0
994,-0.077415407,-0.077415407,-0.077415392,-0.077415243,-0.043678246,-4.11E-05,-4.11E-05,0,0,0
995,-0.077415407,-0.077415407,-0.077415392,-0.077415243,-0.043678202,-4.11E-05,-4.11E-05,0,0,0
996,-0.077415407,-0.077415407,-0.077415392,-0.077415243,-0.043678146,-4.11E-05,-4.11E-05,0,0,0
997,-0.077415407,-0.077415407,-0.077415392,-0.077415243,-0.043678083,-4.11E-05,-4.11E-05,0,0,0
998,-0.077415407,-0.077415407,-0.077415392,-0.077415243,-0.043678008,-4.11E-05,-4.11E-05,0,0,0
999,-0.077415407,-0.077415407,-0.077415392,-0.077415235,-0.043677926,-4.11E-05,-4.11E-05,0,0,0
